object_id,object_version,version_strength,content_verified,grid_id,layout_id,logical_index,point_index,parent_point_index,axis_indices,latitude,longitude
sha256:4af389a376c8af830e8af0f9fc58172c2162170ed82ea1ee68afeb987def09b3,NULL,unverifiable,false,b675895862ac12a9cdab171e63f0c48443fce4584b9451a9d9054322a3c89277,9adc2e038ce2134f8e409c70810704c8eb9a9fed953ebedfc70a711dccf0859f,51743640,431197,431197,"[409, 520, 0]",48.325016021728516,14.9014892578125
sha256:4af389a376c8af830e8af0f9fc58172c2162170ed82ea1ee68afeb987def09b3,NULL,unverifiable,false,b675895862ac12a9cdab171e63f0c48443fce4584b9451a9d9054322a3c89277,9adc2e038ce2134f8e409c70810704c8eb9a9fed953ebedfc70a711dccf0859f,51743760,431198,431198,"[409, 521, 0]",48.3255615234375,14.932903289794922
sha256:4af389a376c8af830e8af0f9fc58172c2162170ed82ea1ee68afeb987def09b3,NULL,unverifiable,false,b675895862ac12a9cdab171e63f0c48443fce4584b9451a9d9054322a3c89277,9adc2e038ce2134f8e409c70810704c8eb9a9fed953ebedfc70a711dccf0859f,51743880,431199,431199,"[409, 522, 0]",48.32609558105469,14.96431827545166
sha256:4af389a376c8af830e8af0f9fc58172c2162170ed82ea1ee68afeb987def09b3,NULL,unverifiable,false,b675895862ac12a9cdab171e63f0c48443fce4584b9451a9d9054322a3c89277,9adc2e038ce2134f8e409c70810704c8eb9a9fed953ebedfc70a711dccf0859f,51744000,431200,431200,"[409, 523, 0]",48.326629638671875,14.995732307434082
sha256:4af389a376c8af830e8af0f9fc58172c2162170ed82ea1ee68afeb987def09b3,NULL,unverifiable,false,b675895862ac12a9cdab171e63f0c48443fce4584b9451a9d9054322a3c89277,9adc2e038ce2134f8e409c70810704c8eb9a9fed953ebedfc70a711dccf0859f,51744120,431201,431201,"[409, 524, 0]",48.3271598815918,15.02715015411377
sha256:4af389a376c8af830e8af0f9fc58172c2162170ed82ea1ee68afeb987def09b3,NULL,unverifiable,false,b675895862ac12a9cdab171e63f0c48443fce4584b9451a9d9054322a3c89277,9adc2e038ce2134f8e409c70810704c8eb9a9fed953ebedfc70a711dccf0859f,51744240,431202,431202,"[409, 525, 0]",48.32766342163086,15.058565139770508
sha256:4af389a376c8af830e8af0f9fc58172c2162170ed82ea1ee68afeb987def09b3,NULL,unverifiable,false,b675895862ac12a9cdab171e63f0c48443fce4584b9451a9d9054322a3c89277,9adc2e038ce2134f8e409c70810704c8eb9a9fed953ebedfc70a711dccf0859f,51744360,431203,431203,"[409, 526, 0]",48.328182220458984,15.089984893798828
sha256:4af389a376c8af830e8af0f9fc58172c2162170ed82ea1ee68afeb987def09b3,NULL,unverifiable,false,b675895862ac12a9cdab171e63f0c48443fce4584b9451a9d9054322a3c89277,9adc2e038ce2134f8e409c70810704c8eb9a9fed953ebedfc70a711dccf0859f,51744480,431204,431204,"[409, 527, 0]",48.32867431640625,15.121400833129883
sha256:4af389a376c8af830e8af0f9fc58172c2162170ed82ea1ee68afeb987def09b3,NULL,unverifiable,false,b675895862ac12a9cdab171e63f0c48443fce4584b9451a9d9054322a3c89277,9adc2e038ce2134f8e409c70810704c8eb9a9fed953ebedfc70a711dccf0859f,51744600,431205,431205,"[409, 528, 0]",48.32917022705078,15.152819633483887
sha256:4af389a376c8af830e8af0f9fc58172c2162170ed82ea1ee68afeb987def09b3,NULL,unverifiable,false,b675895862ac12a9cdab171e63f0c48443fce4584b9451a9d9054322a3c89277,9adc2e038ce2134f8e409c70810704c8eb9a9fed953ebedfc70a711dccf0859f,51744720,431206,431206,"[409, 529, 0]",48.32964324951172,15.18423843383789
sha256:4af389a376c8af830e8af0f9fc58172c2162170ed82ea1ee68afeb987def09b3,NULL,unverifiable,false,b675895862ac12a9cdab171e63f0c48443fce4584b9451a9d9054322a3c89277,9adc2e038ce2134f8e409c70810704c8eb9a9fed953ebedfc70a711dccf0859f,51744840,431207,431207,"[409, 530, 0]",48.33012390136719,15.215657234191895
sha256:4af389a376c8af830e8af0f9fc58172c2162170ed82ea1ee68afeb987def09b3,NULL,unverifiable,false,b675895862ac12a9cdab171e63f0c48443fce4584b9451a9d9054322a3c89277,9adc2e038ce2134f8e409c70810704c8eb9a9fed953ebedfc70a711dccf0859f,51744960,431208,431208,"[409, 531, 0]",48.33058547973633,15.247078895568848
sha256:4af389a376c8af830e8af0f9fc58172c2162170ed82ea1ee68afeb987def09b3,NULL,unverifiable,false,b675895862ac12a9cdab171e63f0c48443fce4584b9451a9d9054322a3c89277,9adc2e038ce2134f8e409c70810704c8eb9a9fed953ebedfc70a711dccf0859f,51745080,431209,431209,"[409, 532, 0]",48.33103942871094,15.278498649597168
sha256:4af389a376c8af830e8af0f9fc58172c2162170ed82ea1ee68afeb987def09b3,NULL,unverifiable,false,b675895862ac12a9cdab171e63f0c48443fce4584b9451a9d9054322a3c89277,9adc2e038ce2134f8e409c70810704c8eb9a9fed953ebedfc70a711dccf0859f,51870000,432250,432250,"[410, 520, 0]",48.34588623046875,14.900657653808594
sha256:4af389a376c8af830e8af0f9fc58172c2162170ed82ea1ee68afeb987def09b3,NULL,unverifiable,false,b675895862ac12a9cdab171e63f0c48443fce4584b9451a9d9054322a3c89277,9adc2e038ce2134f8e409c70810704c8eb9a9fed953ebedfc70a711dccf0859f,51870120,432251,432251,"[410, 521, 0]",48.3464469909668,14.932084083557129
sha256:4af389a376c8af830e8af0f9fc58172c2162170ed82ea1ee68afeb987def09b3,NULL,unverifiable,false,b675895862ac12a9cdab171e63f0c48443fce4584b9451a9d9054322a3c89277,9adc2e038ce2134f8e409c70810704c8eb9a9fed953ebedfc70a711dccf0859f,51870240,432252,432252,"[410, 522, 0]",48.346981048583984,14.96351146697998
sha256:4af389a376c8af830e8af0f9fc58172c2162170ed82ea1ee68afeb987def09b3,NULL,unverifiable,false,b675895862ac12a9cdab171e63f0c48443fce4584b9451a9d9054322a3c89277,9adc2e038ce2134f8e409c70810704c8eb9a9fed953ebedfc70a711dccf0859f,51870360,432253,432253,"[410, 523, 0]",48.34751510620117,14.994938850402832
sha256:4af389a376c8af830e8af0f9fc58172c2162170ed82ea1ee68afeb987def09b3,NULL,unverifiable,false,b675895862ac12a9cdab171e63f0c48443fce4584b9451a9d9054322a3c89277,9adc2e038ce2134f8e409c70810704c8eb9a9fed953ebedfc70a711dccf0859f,51870480,432254,432254,"[410, 524, 0]",48.34804916381836,15.026368141174316
sha256:4af389a376c8af830e8af0f9fc58172c2162170ed82ea1ee68afeb987def09b3,NULL,unverifiable,false,b675895862ac12a9cdab171e63f0c48443fce4584b9451a9d9054322a3c89277,9adc2e038ce2134f8e409c70810704c8eb9a9fed953ebedfc70a711dccf0859f,51870600,432255,432255,"[410, 525, 0]",48.34855270385742,15.0577974319458
sha256:4af389a376c8af830e8af0f9fc58172c2162170ed82ea1ee68afeb987def09b3,NULL,unverifiable,false,b675895862ac12a9cdab171e63f0c48443fce4584b9451a9d9054322a3c89277,9adc2e038ce2134f8e409c70810704c8eb9a9fed953ebedfc70a711dccf0859f,51870720,432256,432256,"[410, 526, 0]",48.34906005859375,15.089226722717285
sha256:4af389a376c8af830e8af0f9fc58172c2162170ed82ea1ee68afeb987def09b3,NULL,unverifiable,false,b675895862ac12a9cdab171e63f0c48443fce4584b9451a9d9054322a3c89277,9adc2e038ce2134f8e409c70810704c8eb9a9fed953ebedfc70a711dccf0859f,51870840,432257,432257,"[410, 527, 0]",48.34956359863281,15.120656967163086
sha256:4af389a376c8af830e8af0f9fc58172c2162170ed82ea1ee68afeb987def09b3,NULL,unverifiable,false,b675895862ac12a9cdab171e63f0c48443fce4584b9451a9d9054322a3c89277,9adc2e038ce2134f8e409c70810704c8eb9a9fed953ebedfc70a711dccf0859f,51870960,432258,432258,"[410, 528, 0]",48.35005569458008,15.152087211608887
sha256:4af389a376c8af830e8af0f9fc58172c2162170ed82ea1ee68afeb987def09b3,NULL,unverifiable,false,b675895862ac12a9cdab171e63f0c48443fce4584b9451a9d9054322a3c89277,9adc2e038ce2134f8e409c70810704c8eb9a9fed953ebedfc70a711dccf0859f,51871080,432259,432259,"[410, 529, 0]",48.350528717041016,15.18351936340332
sha256:4af389a376c8af830e8af0f9fc58172c2162170ed82ea1ee68afeb987def09b3,NULL,unverifiable,false,b675895862ac12a9cdab171e63f0c48443fce4584b9451a9d9054322a3c89277,9adc2e038ce2134f8e409c70810704c8eb9a9fed953ebedfc70a711dccf0859f,51871200,432260,432260,"[410, 530, 0]",48.351009368896484,15.214950561523438
sha256:4af389a376c8af830e8af0f9fc58172c2162170ed82ea1ee68afeb987def09b3,NULL,unverifiable,false,b675895862ac12a9cdab171e63f0c48443fce4584b9451a9d9054322a3c89277,9adc2e038ce2134f8e409c70810704c8eb9a9fed953ebedfc70a711dccf0859f,51871320,432261,432261,"[410, 531, 0]",48.351470947265625,15.246384620666504
sha256:4af389a376c8af830e8af0f9fc58172c2162170ed82ea1ee68afeb987def09b3,NULL,unverifiable,false,b675895862ac12a9cdab171e63f0c48443fce4584b9451a9d9054322a3c89277,9adc2e038ce2134f8e409c70810704c8eb9a9fed953ebedfc70a711dccf0859f,51871440,432262,432262,"[410, 532, 0]",48.351924896240234,15.277817726135254
sha256:4af389a376c8af830e8af0f9fc58172c2162170ed82ea1ee68afeb987def09b3,NULL,unverifiable,false,b675895862ac12a9cdab171e63f0c48443fce4584b9451a9d9054322a3c89277,9adc2e038ce2134f8e409c70810704c8eb9a9fed953ebedfc70a711dccf0859f,51996360,433303,433303,"[411, 520, 0]",48.36678695678711,14.899825096130371
sha256:4af389a376c8af830e8af0f9fc58172c2162170ed82ea1ee68afeb987def09b3,NULL,unverifiable,false,b675895862ac12a9cdab171e63f0c48443fce4584b9451a9d9054322a3c89277,9adc2e038ce2134f8e409c70810704c8eb9a9fed953ebedfc70a711dccf0859f,51996480,433304,433304,"[411, 521, 0]",48.36733627319336,14.93126392364502
sha256:4af389a376c8af830e8af0f9fc58172c2162170ed82ea1ee68afeb987def09b3,NULL,unverifiable,false,b675895862ac12a9cdab171e63f0c48443fce4584b9451a9d9054322a3c89277,9adc2e038ce2134f8e409c70810704c8eb9a9fed953ebedfc70a711dccf0859f,51996600,433305,433305,"[411, 522, 0]",48.36786651611328,14.962703704833984
sha256:4af389a376c8af830e8af0f9fc58172c2162170ed82ea1ee68afeb987def09b3,NULL,unverifiable,false,b675895862ac12a9cdab171e63f0c48443fce4584b9451a9d9054322a3c89277,9adc2e038ce2134f8e409c70810704c8eb9a9fed953ebedfc70a711dccf0859f,51996720,433306,433306,"[411, 523, 0]",48.36840057373047,14.994144439697266
sha256:4af389a376c8af830e8af0f9fc58172c2162170ed82ea1ee68afeb987def09b3,NULL,unverifiable,false,b675895862ac12a9cdab171e63f0c48443fce4584b9451a9d9054322a3c89277,9adc2e038ce2134f8e409c70810704c8eb9a9fed953ebedfc70a711dccf0859f,51996840,433307,433307,"[411, 524, 0]",48.368934631347656,15.025586128234863
sha256:4af389a376c8af830e8af0f9fc58172c2162170ed82ea1ee68afeb987def09b3,NULL,unverifiable,false,b675895862ac12a9cdab171e63f0c48443fce4584b9451a9d9054322a3c89277,9adc2e038ce2134f8e409c70810704c8eb9a9fed953ebedfc70a711dccf0859f,51996960,433308,433308,"[411, 525, 0]",48.36943817138672,15.057026863098145
sha256:4af389a376c8af830e8af0f9fc58172c2162170ed82ea1ee68afeb987def09b3,NULL,unverifiable,false,b675895862ac12a9cdab171e63f0c48443fce4584b9451a9d9054322a3c89277,9adc2e038ce2134f8e409c70810704c8eb9a9fed953ebedfc70a711dccf0859f,51997080,433309,433309,"[411, 526, 0]",48.369956970214844,15.088470458984375
sha256:4af389a376c8af830e8af0f9fc58172c2162170ed82ea1ee68afeb987def09b3,NULL,unverifiable,false,b675895862ac12a9cdab171e63f0c48443fce4584b9451a9d9054322a3c89277,9adc2e038ce2134f8e409c70810704c8eb9a9fed953ebedfc70a711dccf0859f,51997200,433310,433310,"[411, 527, 0]",48.37044906616211,15.119912147521973
sha256:4af389a376c8af830e8af0f9fc58172c2162170ed82ea1ee68afeb987def09b3,NULL,unverifiable,false,b675895862ac12a9cdab171e63f0c48443fce4584b9451a9d9054322a3c89277,9adc2e038ce2134f8e409c70810704c8eb9a9fed953ebedfc70a711dccf0859f,51997320,433311,433311,"[411, 528, 0]",48.370941162109375,15.151355743408203
sha256:4af389a376c8af830e8af0f9fc58172c2162170ed82ea1ee68afeb987def09b3,NULL,unverifiable,false,b675895862ac12a9cdab171e63f0c48443fce4584b9451a9d9054322a3c89277,9adc2e038ce2134f8e409c70810704c8eb9a9fed953ebedfc70a711dccf0859f,51997440,433312,433312,"[411, 529, 0]",48.37143325805664,15.182799339294434
sha256:4af389a376c8af830e8af0f9fc58172c2162170ed82ea1ee68afeb987def09b3,NULL,unverifiable,false,b675895862ac12a9cdab171e63f0c48443fce4584b9451a9d9054322a3c89277,9adc2e038ce2134f8e409c70810704c8eb9a9fed953ebedfc70a711dccf0859f,51997560,433313,433313,"[411, 530, 0]",48.37189483642578,15.21424388885498
sha256:4af389a376c8af830e8af0f9fc58172c2162170ed82ea1ee68afeb987def09b3,NULL,unverifiable,false,b675895862ac12a9cdab171e63f0c48443fce4584b9451a9d9054322a3c89277,9adc2e038ce2134f8e409c70810704c8eb9a9fed953ebedfc70a711dccf0859f,51997680,433314,433314,"[411, 531, 0]",48.37236404418945,15.245688438415527
sha256:4af389a376c8af830e8af0f9fc58172c2162170ed82ea1ee68afeb987def09b3,NULL,unverifiable,false,b675895862ac12a9cdab171e63f0c48443fce4584b9451a9d9054322a3c89277,9adc2e038ce2134f8e409c70810704c8eb9a9fed953ebedfc70a711dccf0859f,51997800,433315,433315,"[411, 532, 0]",48.372825622558594,15.277134895324707
sha256:4af389a376c8af830e8af0f9fc58172c2162170ed82ea1ee68afeb987def09b3,NULL,unverifiable,false,b675895862ac12a9cdab171e63f0c48443fce4584b9451a9d9054322a3c89277,9adc2e038ce2134f8e409c70810704c8eb9a9fed953ebedfc70a711dccf0859f,52122720,434356,434356,"[412, 520, 0]",48.38766098022461,14.898991584777832
sha256:4af389a376c8af830e8af0f9fc58172c2162170ed82ea1ee68afeb987def09b3,NULL,unverifiable,false,b675895862ac12a9cdab171e63f0c48443fce4584b9451a9d9054322a3c89277,9adc2e038ce2134f8e409c70810704c8eb9a9fed953ebedfc70a711dccf0859f,52122840,434357,434357,"[412, 521, 0]",48.388221740722656,14.930444717407227
sha256:4af389a376c8af830e8af0f9fc58172c2162170ed82ea1ee68afeb987def09b3,NULL,unverifiable,false,b675895862ac12a9cdab171e63f0c48443fce4584b9451a9d9054322a3c89277,9adc2e038ce2134f8e409c70810704c8eb9a9fed953ebedfc70a711dccf0859f,52122960,434358,434358,"[412, 522, 0]",48.388755798339844,14.961895942687988
sha256:4af389a376c8af830e8af0f9fc58172c2162170ed82ea1ee68afeb987def09b3,NULL,unverifiable,false,b675895862ac12a9cdab171e63f0c48443fce4584b9451a9d9054322a3c89277,9adc2e038ce2134f8e409c70810704c8eb9a9fed953ebedfc70a711dccf0859f,52123080,434359,434359,"[412, 523, 0]",48.389286041259766,14.993349075317383
sha256:4af389a376c8af830e8af0f9fc58172c2162170ed82ea1ee68afeb987def09b3,NULL,unverifiable,false,b675895862ac12a9cdab171e63f0c48443fce4584b9451a9d9054322a3c89277,9adc2e038ce2134f8e409c70810704c8eb9a9fed953ebedfc70a711dccf0859f,52123200,434360,434360,"[412, 524, 0]",48.38982009887695,15.024802207946777
sha256:4af389a376c8af830e8af0f9fc58172c2162170ed82ea1ee68afeb987def09b3,NULL,unverifiable,false,b675895862ac12a9cdab171e63f0c48443fce4584b9451a9d9054322a3c89277,9adc2e038ce2134f8e409c70810704c8eb9a9fed953ebedfc70a711dccf0859f,52123320,434361,434361,"[412, 525, 0]",48.39033889770508,15.056257247924805
sha256:4af389a376c8af830e8af0f9fc58172c2162170ed82ea1ee68afeb987def09b3,NULL,unverifiable,false,b675895862ac12a9cdab171e63f0c48443fce4584b9451a9d9054322a3c89277,9adc2e038ce2134f8e409c70810704c8eb9a9fed953ebedfc70a711dccf0859f,52123440,434362,434362,"[412, 526, 0]",48.39082717895508,15.087711334228516
sha256:4af389a376c8af830e8af0f9fc58172c2162170ed82ea1ee68afeb987def09b3,NULL,unverifiable,false,b675895862ac12a9cdab171e63f0c48443fce4584b9451a9d9054322a3c89277,9adc2e038ce2134f8e409c70810704c8eb9a9fed953ebedfc70a711dccf0859f,52123560,434363,434363,"[412, 527, 0]",48.391334533691406,15.119166374206543
sha256:4af389a376c8af830e8af0f9fc58172c2162170ed82ea1ee68afeb987def09b3,NULL,unverifiable,false,b675895862ac12a9cdab171e63f0c48443fce4584b9451a9d9054322a3c89277,9adc2e038ce2134f8e409c70810704c8eb9a9fed953ebedfc70a711dccf0859f,52123680,434364,434364,"[412, 528, 0]",48.39183044433594,15.150623321533203
sha256:4af389a376c8af830e8af0f9fc58172c2162170ed82ea1ee68afeb987def09b3,NULL,unverifiable,false,b675895862ac12a9cdab171e63f0c48443fce4584b9451a9d9054322a3c89277,9adc2e038ce2134f8e409c70810704c8eb9a9fed953ebedfc70a711dccf0859f,52123800,434365,434365,"[412, 529, 0]",48.39230728149414,15.182079315185547
sha256:4af389a376c8af830e8af0f9fc58172c2162170ed82ea1ee68afeb987def09b3,NULL,unverifiable,false,b675895862ac12a9cdab171e63f0c48443fce4584b9451a9d9054322a3c89277,9adc2e038ce2134f8e409c70810704c8eb9a9fed953ebedfc70a711dccf0859f,52123920,434366,434366,"[412, 530, 0]",48.39278030395508,15.21353530883789
sha256:4af389a376c8af830e8af0f9fc58172c2162170ed82ea1ee68afeb987def09b3,NULL,unverifiable,false,b675895862ac12a9cdab171e63f0c48443fce4584b9451a9d9054322a3c89277,9adc2e038ce2134f8e409c70810704c8eb9a9fed953ebedfc70a711dccf0859f,52124040,434367,434367,"[412, 531, 0]",48.39324951171875,15.244994163513184
sha256:4af389a376c8af830e8af0f9fc58172c2162170ed82ea1ee68afeb987def09b3,NULL,unverifiable,false,b675895862ac12a9cdab171e63f0c48443fce4584b9451a9d9054322a3c89277,9adc2e038ce2134f8e409c70810704c8eb9a9fed953ebedfc70a711dccf0859f,52124160,434368,434368,"[412, 532, 0]",48.393714904785156,15.27645206451416
sha256:4af389a376c8af830e8af0f9fc58172c2162170ed82ea1ee68afeb987def09b3,NULL,unverifiable,false,b675895862ac12a9cdab171e63f0c48443fce4584b9451a9d9054322a3c89277,9adc2e038ce2134f8e409c70810704c8eb9a9fed953ebedfc70a711dccf0859f,52249080,435409,435409,"[413, 520, 0]",48.40856170654297,14.89815902709961
sha256:4af389a376c8af830e8af0f9fc58172c2162170ed82ea1ee68afeb987def09b3,NULL,unverifiable,false,b675895862ac12a9cdab171e63f0c48443fce4584b9451a9d9054322a3c89277,9adc2e038ce2134f8e409c70810704c8eb9a9fed953ebedfc70a711dccf0859f,52249200,435410,435410,"[413, 521, 0]",48.40910720825195,14.9296236038208
sha256:4af389a376c8af830e8af0f9fc58172c2162170ed82ea1ee68afeb987def09b3,NULL,unverifiable,false,b675895862ac12a9cdab171e63f0c48443fce4584b9451a9d9054322a3c89277,9adc2e038ce2134f8e409c70810704c8eb9a9fed953ebedfc70a711dccf0859f,52249320,435411,435411,"[413, 522, 0]",48.40964126586914,14.961089134216309
sha256:4af389a376c8af830e8af0f9fc58172c2162170ed82ea1ee68afeb987def09b3,NULL,unverifiable,false,b675895862ac12a9cdab171e63f0c48443fce4584b9451a9d9054322a3c89277,9adc2e038ce2134f8e409c70810704c8eb9a9fed953ebedfc70a711dccf0859f,52249440,435412,435412,"[413, 523, 0]",48.41017532348633,14.9925537109375
sha256:4af389a376c8af830e8af0f9fc58172c2162170ed82ea1ee68afeb987def09b3,NULL,unverifiable,false,b675895862ac12a9cdab171e63f0c48443fce4584b9451a9d9054322a3c89277,9adc2e038ce2134f8e409c70810704c8eb9a9fed953ebedfc70a711dccf0859f,52249560,435413,435413,"[413, 524, 0]",48.41070556640625,15.024019241333008
sha256:4af389a376c8af830e8af0f9fc58172c2162170ed82ea1ee68afeb987def09b3,NULL,unverifiable,false,b675895862ac12a9cdab171e63f0c48443fce4584b9451a9d9054322a3c89277,9adc2e038ce2134f8e409c70810704c8eb9a9fed953ebedfc70a711dccf0859f,52249680,435414,435414,"[413, 525, 0]",48.411224365234375,15.055484771728516
sha256:4af389a376c8af830e8af0f9fc58172c2162170ed82ea1ee68afeb987def09b3,NULL,unverifiable,false,b675895862ac12a9cdab171e63f0c48443fce4584b9451a9d9054322a3c89277,9adc2e038ce2134f8e409c70810704c8eb9a9fed953ebedfc70a711dccf0859f,52249800,435415,435415,"[413, 526, 0]",48.41172790527344,15.08695125579834
sha256:4af389a376c8af830e8af0f9fc58172c2162170ed82ea1ee68afeb987def09b3,NULL,unverifiable,false,b675895862ac12a9cdab171e63f0c48443fce4584b9451a9d9054322a3c89277,9adc2e038ce2134f8e409c70810704c8eb9a9fed953ebedfc70a711dccf0859f,52249920,435416,435416,"[413, 527, 0]",48.41222381591797,15.118419647216797
sha256:4af389a376c8af830e8af0f9fc58172c2162170ed82ea1ee68afeb987def09b3,NULL,unverifiable,false,b675895862ac12a9cdab171e63f0c48443fce4584b9451a9d9054322a3c89277,9adc2e038ce2134f8e409c70810704c8eb9a9fed953ebedfc70a711dccf0859f,52250040,435417,435417,"[413, 528, 0]",48.412715911865234,15.14988899230957
sha256:4af389a376c8af830e8af0f9fc58172c2162170ed82ea1ee68afeb987def09b3,NULL,unverifiable,false,b675895862ac12a9cdab171e63f0c48443fce4584b9451a9d9054322a3c89277,9adc2e038ce2134f8e409c70810704c8eb9a9fed953ebedfc70a711dccf0859f,52250160,435418,435418,"[413, 529, 0]",48.41318893432617,15.181357383728027
sha256:4af389a376c8af830e8af0f9fc58172c2162170ed82ea1ee68afeb987def09b3,NULL,unverifiable,false,b675895862ac12a9cdab171e63f0c48443fce4584b9451a9d9054322a3c89277,9adc2e038ce2134f8e409c70810704c8eb9a9fed953ebedfc70a711dccf0859f,52250280,435419,435419,"[413, 530, 0]",48.41366958618164,15.2128267288208
sha256:4af389a376c8af830e8af0f9fc58172c2162170ed82ea1ee68afeb987def09b3,NULL,unverifiable,false,b675895862ac12a9cdab171e63f0c48443fce4584b9451a9d9054322a3c89277,9adc2e038ce2134f8e409c70810704c8eb9a9fed953ebedfc70a711dccf0859f,52250400,435420,435420,"[413, 531, 0]",48.41413116455078,15.24429702758789
sha256:4af389a376c8af830e8af0f9fc58172c2162170ed82ea1ee68afeb987def09b3,NULL,unverifiable,false,b675895862ac12a9cdab171e63f0c48443fce4584b9451a9d9054322a3c89277,9adc2e038ce2134f8e409c70810704c8eb9a9fed953ebedfc70a711dccf0859f,52250520,435421,435421,"[413, 532, 0]",48.41460037231445,15.275766372680664
sha256:4af389a376c8af830e8af0f9fc58172c2162170ed82ea1ee68afeb987def09b3,NULL,unverifiable,false,b675895862ac12a9cdab171e63f0c48443fce4584b9451a9d9054322a3c89277,9adc2e038ce2134f8e409c70810704c8eb9a9fed953ebedfc70a711dccf0859f,52375440,436462,436462,"[414, 520, 0]",48.4294319152832,14.89732551574707
sha256:4af389a376c8af830e8af0f9fc58172c2162170ed82ea1ee68afeb987def09b3,NULL,unverifiable,false,b675895862ac12a9cdab171e63f0c48443fce4584b9451a9d9054322a3c89277,9adc2e038ce2134f8e409c70810704c8eb9a9fed953ebedfc70a711dccf0859f,52375560,436463,436463,"[414, 521, 0]",48.429996490478516,14.928801536560059
sha256:4af389a376c8af830e8af0f9fc58172c2162170ed82ea1ee68afeb987def09b3,NULL,unverifiable,false,b675895862ac12a9cdab171e63f0c48443fce4584b9451a9d9054322a3c89277,9adc2e038ce2134f8e409c70810704c8eb9a9fed953ebedfc70a711dccf0859f,52375680,436464,436464,"[414, 522, 0]",48.43052673339844,14.960278511047363
sha256:4af389a376c8af830e8af0f9fc58172c2162170ed82ea1ee68afeb987def09b3,NULL,unverifiable,false,b675895862ac12a9cdab171e63f0c48443fce4584b9451a9d9054322a3c89277,9adc2e038ce2134f8e409c70810704c8eb9a9fed953ebedfc70a711dccf0859f,52375800,436465,436465,"[414, 523, 0]",48.431060791015625,14.991756439208984
sha256:4af389a376c8af830e8af0f9fc58172c2162170ed82ea1ee68afeb987def09b3,NULL,unverifiable,false,b675895862ac12a9cdab171e63f0c48443fce4584b9451a9d9054322a3c89277,9adc2e038ce2134f8e409c70810704c8eb9a9fed953ebedfc70a711dccf0859f,52375920,436466,436466,"[414, 524, 0]",48.43159484863281,15.023234367370605
sha256:4af389a376c8af830e8af0f9fc58172c2162170ed82ea1ee68afeb987def09b3,NULL,unverifiable,false,b675895862ac12a9cdab171e63f0c48443fce4584b9451a9d9054322a3c89277,9adc2e038ce2134f8e409c70810704c8eb9a9fed953ebedfc70a711dccf0859f,52376040,436467,436467,"[414, 525, 0]",48.43211364746094,15.054713249206543
sha256:4af389a376c8af830e8af0f9fc58172c2162170ed82ea1ee68afeb987def09b3,NULL,unverifiable,false,b675895862ac12a9cdab171e63f0c48443fce4584b9451a9d9054322a3c89277,9adc2e038ce2134f8e409c70810704c8eb9a9fed953ebedfc70a711dccf0859f,52376160,436468,436468,"[414, 526, 0]",48.4326171875,15.086194038391113
sha256:4af389a376c8af830e8af0f9fc58172c2162170ed82ea1ee68afeb987def09b3,NULL,unverifiable,false,b675895862ac12a9cdab171e63f0c48443fce4584b9451a9d9054322a3c89277,9adc2e038ce2134f8e409c70810704c8eb9a9fed953ebedfc70a711dccf0859f,52376280,436469,436469,"[414, 527, 0]",48.433109283447266,15.117674827575684
sha256:4af389a376c8af830e8af0f9fc58172c2162170ed82ea1ee68afeb987def09b3,NULL,unverifiable,false,b675895862ac12a9cdab171e63f0c48443fce4584b9451a9d9054322a3c89277,9adc2e038ce2134f8e409c70810704c8eb9a9fed953ebedfc70a711dccf0859f,52376400,436470,436470,"[414, 528, 0]",48.43360137939453,15.149153709411621
sha256:4af389a376c8af830e8af0f9fc58172c2162170ed82ea1ee68afeb987def09b3,NULL,unverifiable,false,b675895862ac12a9cdab171e63f0c48443fce4584b9451a9d9054322a3c89277,9adc2e038ce2134f8e409c70810704c8eb9a9fed953ebedfc70a711dccf0859f,52376520,436471,436471,"[414, 529, 0]",48.43408966064453,15.180636405944824
sha256:4af389a376c8af830e8af0f9fc58172c2162170ed82ea1ee68afeb987def09b3,NULL,unverifiable,false,b675895862ac12a9cdab171e63f0c48443fce4584b9451a9d9054322a3c89277,9adc2e038ce2134f8e409c70810704c8eb9a9fed953ebedfc70a711dccf0859f,52376640,436472,436472,"[414, 530, 0]",48.4345703125,15.212117195129395
sha256:4af389a376c8af830e8af0f9fc58172c2162170ed82ea1ee68afeb987def09b3,NULL,unverifiable,false,b675895862ac12a9cdab171e63f0c48443fce4584b9451a9d9054322a3c89277,9adc2e038ce2134f8e409c70810704c8eb9a9fed953ebedfc70a711dccf0859f,52376760,436473,436473,"[414, 531, 0]",48.435035705566406,15.243599891662598
sha256:4af389a376c8af830e8af0f9fc58172c2162170ed82ea1ee68afeb987def09b3,NULL,unverifiable,false,b675895862ac12a9cdab171e63f0c48443fce4584b9451a9d9054322a3c89277,9adc2e038ce2134f8e409c70810704c8eb9a9fed953ebedfc70a711dccf0859f,52376880,436474,436474,"[414, 532, 0]",48.43549728393555,15.275081634521484
sha256:4af389a376c8af830e8af0f9fc58172c2162170ed82ea1ee68afeb987def09b3,NULL,unverifiable,false,b675895862ac12a9cdab171e63f0c48443fce4584b9451a9d9054322a3c89277,9adc2e038ce2134f8e409c70810704c8eb9a9fed953ebedfc70a711dccf0859f,52501800,437515,437515,"[415, 520, 0]",48.450321197509766,14.896490097045898
sha256:4af389a376c8af830e8af0f9fc58172c2162170ed82ea1ee68afeb987def09b3,NULL,unverifiable,false,b675895862ac12a9cdab171e63f0c48443fce4584b9451a9d9054322a3c89277,9adc2e038ce2134f8e409c70810704c8eb9a9fed953ebedfc70a711dccf0859f,52501920,437516,437516,"[415, 521, 0]",48.45088195800781,14.927978515625
sha256:4af389a376c8af830e8af0f9fc58172c2162170ed82ea1ee68afeb987def09b3,NULL,unverifiable,false,b675895862ac12a9cdab171e63f0c48443fce4584b9451a9d9054322a3c89277,9adc2e038ce2134f8e409c70810704c8eb9a9fed953ebedfc70a711dccf0859f,52502040,437517,437517,"[415, 522, 0]",48.451416015625,14.959467887878418
sha256:4af389a376c8af830e8af0f9fc58172c2162170ed82ea1ee68afeb987def09b3,NULL,unverifiable,false,b675895862ac12a9cdab171e63f0c48443fce4584b9451a9d9054322a3c89277,9adc2e038ce2134f8e409c70810704c8eb9a9fed953ebedfc70a711dccf0859f,52502160,437518,437518,"[415, 523, 0]",48.45194625854492,14.990958213806152
sha256:4af389a376c8af830e8af0f9fc58172c2162170ed82ea1ee68afeb987def09b3,NULL,unverifiable,false,b675895862ac12a9cdab171e63f0c48443fce4584b9451a9d9054322a3c89277,9adc2e038ce2134f8e409c70810704c8eb9a9fed953ebedfc70a711dccf0859f,52502280,437519,437519,"[415, 524, 0]",48.45248031616211,15.022448539733887
sha256:4af389a376c8af830e8af0f9fc58172c2162170ed82ea1ee68afeb987def09b3,NULL,unverifiable,false,b675895862ac12a9cdab171e63f0c48443fce4584b9451a9d9054322a3c89277,9adc2e038ce2134f8e409c70810704c8eb9a9fed953ebedfc70a711dccf0859f,52502400,437520,437520,"[415, 525, 0]",48.452999114990234,15.05394172668457
sha256:4af389a376c8af830e8af0f9fc58172c2162170ed82ea1ee68afeb987def09b3,NULL,unverifiable,false,b675895862ac12a9cdab171e63f0c48443fce4584b9451a9d9054322a3c89277,9adc2e038ce2134f8e409c70810704c8eb9a9fed953ebedfc70a711dccf0859f,52502520,437521,437521,"[415, 526, 0]",48.4535026550293,15.085433006286621
sha256:4af389a376c8af830e8af0f9fc58172c2162170ed82ea1ee68afeb987def09b3,NULL,unverifiable,false,b675895862ac12a9cdab171e63f0c48443fce4584b9451a9d9054322a3c89277,9adc2e038ce2134f8e409c70810704c8eb9a9fed953ebedfc70a711dccf0859f,52502640,437522,437522,"[415, 527, 0]",48.45399475097656,15.116926193237305
sha256:4af389a376c8af830e8af0f9fc58172c2162170ed82ea1ee68afeb987def09b3,NULL,unverifiable,false,b675895862ac12a9cdab171e63f0c48443fce4584b9451a9d9054322a3c89277,9adc2e038ce2134f8e409c70810704c8eb9a9fed953ebedfc70a711dccf0859f,52502760,437523,437523,"[415, 528, 0]",48.454490661621094,15.148420333862305
sha256:4af389a376c8af830e8af0f9fc58172c2162170ed82ea1ee68afeb987def09b3,NULL,unverifiable,false,b675895862ac12a9cdab171e63f0c48443fce4584b9451a9d9054322a3c89277,9adc2e038ce2134f8e409c70810704c8eb9a9fed953ebedfc70a711dccf0859f,52502880,437524,437524,"[415, 529, 0]",48.454978942871094,15.179913520812988
sha256:4af389a376c8af830e8af0f9fc58172c2162170ed82ea1ee68afeb987def09b3,NULL,unverifiable,false,b675895862ac12a9cdab171e63f0c48443fce4584b9451a9d9054322a3c89277,9adc2e038ce2134f8e409c70810704c8eb9a9fed953ebedfc70a711dccf0859f,52503000,437525,437525,"[415, 530, 0]",48.4554557800293,15.211407661437988
sha256:4af389a376c8af830e8af0f9fc58172c2162170ed82ea1ee68afeb987def09b3,NULL,unverifiable,false,b675895862ac12a9cdab171e63f0c48443fce4584b9451a9d9054322a3c89277,9adc2e038ce2134f8e409c70810704c8eb9a9fed953ebedfc70a711dccf0859f,52503120,437526,437526,"[415, 531, 0]",48.4559211730957,15.242901802062988
sha256:4af389a376c8af830e8af0f9fc58172c2162170ed82ea1ee68afeb987def09b3,NULL,unverifiable,false,b675895862ac12a9cdab171e63f0c48443fce4584b9451a9d9054322a3c89277,9adc2e038ce2134f8e409c70810704c8eb9a9fed953ebedfc70a711dccf0859f,52503240,437527,437527,"[415, 532, 0]",48.456382751464844,15.274396896362305
sha256:4af389a376c8af830e8af0f9fc58172c2162170ed82ea1ee68afeb987def09b3,NULL,unverifiable,false,b675895862ac12a9cdab171e63f0c48443fce4584b9451a9d9054322a3c89277,9adc2e038ce2134f8e409c70810704c8eb9a9fed953ebedfc70a711dccf0859f,52628160,438568,438568,"[416, 520, 0]",48.47120666503906,14.895654678344727
sha256:4af389a376c8af830e8af0f9fc58172c2162170ed82ea1ee68afeb987def09b3,NULL,unverifiable,false,b675895862ac12a9cdab171e63f0c48443fce4584b9451a9d9054322a3c89277,9adc2e038ce2134f8e409c70810704c8eb9a9fed953ebedfc70a711dccf0859f,52628280,438569,438569,"[416, 521, 0]",48.47176742553711,14.927156448364258
sha256:4af389a376c8af830e8af0f9fc58172c2162170ed82ea1ee68afeb987def09b3,NULL,unverifiable,false,b675895862ac12a9cdab171e63f0c48443fce4584b9451a9d9054322a3c89277,9adc2e038ce2134f8e409c70810704c8eb9a9fed953ebedfc70a711dccf0859f,52628400,438570,438570,"[416, 522, 0]",48.4723014831543,14.958659172058105
sha256:4af389a376c8af830e8af0f9fc58172c2162170ed82ea1ee68afeb987def09b3,NULL,unverifiable,false,b675895862ac12a9cdab171e63f0c48443fce4584b9451a9d9054322a3c89277,9adc2e038ce2134f8e409c70810704c8eb9a9fed953ebedfc70a711dccf0859f,52628520,438571,438571,"[416, 523, 0]",48.472835540771484,14.990160942077637
sha256:4af389a376c8af830e8af0f9fc58172c2162170ed82ea1ee68afeb987def09b3,NULL,unverifiable,false,b675895862ac12a9cdab171e63f0c48443fce4584b9451a9d9054322a3c89277,9adc2e038ce2134f8e409c70810704c8eb9a9fed953ebedfc70a711dccf0859f,52628640,438572,438572,"[416, 524, 0]",48.473365783691406,15.021662712097168
sha256:4af389a376c8af830e8af0f9fc58172c2162170ed82ea1ee68afeb987def09b3,NULL,unverifiable,false,b675895862ac12a9cdab171e63f0c48443fce4584b9451a9d9054322a3c89277,9adc2e038ce2134f8e409c70810704c8eb9a9fed953ebedfc70a711dccf0859f,52628760,438573,438573,"[416, 525, 0]",48.47388458251953,15.053168296813965
sha256:4af389a376c8af830e8af0f9fc58172c2162170ed82ea1ee68afeb987def09b3,NULL,unverifiable,false,b675895862ac12a9cdab171e63f0c48443fce4584b9451a9d9054322a3c89277,9adc2e038ce2134f8e409c70810704c8eb9a9fed953ebedfc70a711dccf0859f,52628880,438574,438574,"[416, 526, 0]",48.47438049316406,15.084671974182129
sha256:4af389a376c8af830e8af0f9fc58172c2162170ed82ea1ee68afeb987def09b3,NULL,unverifiable,false,b675895862ac12a9cdab171e63f0c48443fce4584b9451a9d9054322a3c89277,9adc2e038ce2134f8e409c70810704c8eb9a9fed953ebedfc70a711dccf0859f,52629000,438575,438575,"[416, 527, 0]",48.47489547729492,15.116178512573242
sha256:4af389a376c8af830e8af0f9fc58172c2162170ed82ea1ee68afeb987def09b3,NULL,unverifiable,false,b675895862ac12a9cdab171e63f0c48443fce4584b9451a9d9054322a3c89277,9adc2e038ce2134f8e409c70810704c8eb9a9fed953ebedfc70a711dccf0859f,52629120,438576,438576,"[416, 528, 0]",48.47537612915039,15.147683143615723
sha256:4af389a376c8af830e8af0f9fc58172c2162170ed82ea1ee68afeb987def09b3,NULL,unverifiable,false,b675895862ac12a9cdab171e63f0c48443fce4584b9451a9d9054322a3c89277,9adc2e038ce2134f8e409c70810704c8eb9a9fed953ebedfc70a711dccf0859f,52629240,438577,438577,"[416, 529, 0]",48.475852966308594,15.179189682006836
sha256:4af389a376c8af830e8af0f9fc58172c2162170ed82ea1ee68afeb987def09b3,NULL,unverifiable,false,b675895862ac12a9cdab171e63f0c48443fce4584b9451a9d9054322a3c89277,9adc2e038ce2134f8e409c70810704c8eb9a9fed953ebedfc70a711dccf0859f,52629360,438578,438578,"[416, 530, 0]",48.47634506225586,15.210697174072266
sha256:4af389a376c8af830e8af0f9fc58172c2162170ed82ea1ee68afeb987def09b3,NULL,unverifiable,false,b675895862ac12a9cdab171e63f0c48443fce4584b9451a9d9054322a3c89277,9adc2e038ce2134f8e409c70810704c8eb9a9fed953ebedfc70a711dccf0859f,52629480,438579,438579,"[416, 531, 0]",48.476806640625,15.242204666137695
sha256:4af389a376c8af830e8af0f9fc58172c2162170ed82ea1ee68afeb987def09b3,NULL,unverifiable,false,b675895862ac12a9cdab171e63f0c48443fce4584b9451a9d9054322a3c89277,9adc2e038ce2134f8e409c70810704c8eb9a9fed953ebedfc70a711dccf0859f,52629600,438580,438580,"[416, 532, 0]",48.47727584838867,15.273713111877441
sha256:4af389a376c8af830e8af0f9fc58172c2162170ed82ea1ee68afeb987def09b3,NULL,unverifiable,false,b675895862ac12a9cdab171e63f0c48443fce4584b9451a9d9054322a3c89277,9adc2e038ce2134f8e409c70810704c8eb9a9fed953ebedfc70a711dccf0859f,52754520,439621,439621,"[417, 520, 0]",48.49209213256836,14.894818305969238
sha256:4af389a376c8af830e8af0f9fc58172c2162170ed82ea1ee68afeb987def09b3,NULL,unverifiable,false,b675895862ac12a9cdab171e63f0c48443fce4584b9451a9d9054322a3c89277,9adc2e038ce2134f8e409c70810704c8eb9a9fed953ebedfc70a711dccf0859f,52754640,439622,439622,"[417, 521, 0]",48.49265670776367,14.9263334274292
sha256:4af389a376c8af830e8af0f9fc58172c2162170ed82ea1ee68afeb987def09b3,NULL,unverifiable,false,b675895862ac12a9cdab171e63f0c48443fce4584b9451a9d9054322a3c89277,9adc2e038ce2134f8e409c70810704c8eb9a9fed953ebedfc70a711dccf0859f,52754760,439623,439623,"[417, 522, 0]",48.493186950683594,14.957847595214844
sha256:4af389a376c8af830e8af0f9fc58172c2162170ed82ea1ee68afeb987def09b3,NULL,unverifiable,false,b675895862ac12a9cdab171e63f0c48443fce4584b9451a9d9054322a3c89277,9adc2e038ce2134f8e409c70810704c8eb9a9fed953ebedfc70a711dccf0859f,52754880,439624,439624,"[417, 523, 0]",48.49372100830078,14.989361763000488
sha256:4af389a376c8af830e8af0f9fc58172c2162170ed82ea1ee68afeb987def09b3,NULL,unverifiable,false,b675895862ac12a9cdab171e63f0c48443fce4584b9451a9d9054322a3c89277,9adc2e038ce2134f8e409c70810704c8eb9a9fed953ebedfc70a711dccf0859f,52755000,439625,439625,"[417, 524, 0]",48.49425506591797,15.020878791809082
sha256:4af389a376c8af830e8af0f9fc58172c2162170ed82ea1ee68afeb987def09b3,NULL,unverifiable,false,b675895862ac12a9cdab171e63f0c48443fce4584b9451a9d9054322a3c89277,9adc2e038ce2134f8e409c70810704c8eb9a9fed953ebedfc70a711dccf0859f,52755120,439626,439626,"[417, 525, 0]",48.494773864746094,15.05239486694336
sha256:4af389a376c8af830e8af0f9fc58172c2162170ed82ea1ee68afeb987def09b3,NULL,unverifiable,false,b675895862ac12a9cdab171e63f0c48443fce4584b9451a9d9054322a3c89277,9adc2e038ce2134f8e409c70810704c8eb9a9fed953ebedfc70a711dccf0859f,52755240,439627,439627,"[417, 526, 0]",48.495277404785156,15.083911895751953
sha256:4af389a376c8af830e8af0f9fc58172c2162170ed82ea1ee68afeb987def09b3,NULL,unverifiable,false,b675895862ac12a9cdab171e63f0c48443fce4584b9451a9d9054322a3c89277,9adc2e038ce2134f8e409c70810704c8eb9a9fed953ebedfc70a711dccf0859f,52755360,439628,439628,"[417, 527, 0]",48.49576950073242,15.11542797088623
sha256:4af389a376c8af830e8af0f9fc58172c2162170ed82ea1ee68afeb987def09b3,NULL,unverifiable,false,b675895862ac12a9cdab171e63f0c48443fce4584b9451a9d9054322a3c89277,9adc2e038ce2134f8e409c70810704c8eb9a9fed953ebedfc70a711dccf0859f,52755480,439629,439629,"[417, 528, 0]",48.49626159667969,15.146947860717773
sha256:4af389a376c8af830e8af0f9fc58172c2162170ed82ea1ee68afeb987def09b3,NULL,unverifiable,false,b675895862ac12a9cdab171e63f0c48443fce4584b9451a9d9054322a3c89277,9adc2e038ce2134f8e409c70810704c8eb9a9fed953ebedfc70a711dccf0859f,52755600,439630,439630,"[417, 529, 0]",48.49674987792969,15.178465843200684
sha256:4af389a376c8af830e8af0f9fc58172c2162170ed82ea1ee68afeb987def09b3,NULL,unverifiable,false,b675895862ac12a9cdab171e63f0c48443fce4584b9451a9d9054322a3c89277,9adc2e038ce2134f8e409c70810704c8eb9a9fed953ebedfc70a711dccf0859f,52755720,439631,439631,"[417, 530, 0]",48.497215270996094,15.209985733032227
sha256:4af389a376c8af830e8af0f9fc58172c2162170ed82ea1ee68afeb987def09b3,NULL,unverifiable,false,b675895862ac12a9cdab171e63f0c48443fce4584b9451a9d9054322a3c89277,9adc2e038ce2134f8e409c70810704c8eb9a9fed953ebedfc70a711dccf0859f,52755840,439632,439632,"[417, 531, 0]",48.4976921081543,15.24150562286377
sha256:4af389a376c8af830e8af0f9fc58172c2162170ed82ea1ee68afeb987def09b3,NULL,unverifiable,false,b675895862ac12a9cdab171e63f0c48443fce4584b9451a9d9054322a3c89277,9adc2e038ce2134f8e409c70810704c8eb9a9fed953ebedfc70a711dccf0859f,52755960,439633,439633,"[417, 532, 0]",48.4981575012207,15.273026466369629
sha256:4af389a376c8af830e8af0f9fc58172c2162170ed82ea1ee68afeb987def09b3,NULL,unverifiable,false,b675895862ac12a9cdab171e63f0c48443fce4584b9451a9d9054322a3c89277,9adc2e038ce2134f8e409c70810704c8eb9a9fed953ebedfc70a711dccf0859f,52880880,440674,440674,"[418, 520, 0]",48.51298141479492,14.89398193359375
sha256:4af389a376c8af830e8af0f9fc58172c2162170ed82ea1ee68afeb987def09b3,NULL,unverifiable,false,b675895862ac12a9cdab171e63f0c48443fce4584b9451a9d9054322a3c89277,9adc2e038ce2134f8e409c70810704c8eb9a9fed953ebedfc70a711dccf0859f,52881000,440675,440675,"[418, 521, 0]",48.513526916503906,14.925508499145508
sha256:4af389a376c8af830e8af0f9fc58172c2162170ed82ea1ee68afeb987def09b3,NULL,unverifiable,false,b675895862ac12a9cdab171e63f0c48443fce4584b9451a9d9054322a3c89277,9adc2e038ce2134f8e409c70810704c8eb9a9fed953ebedfc70a711dccf0859f,52881120,440676,440676,"[418, 522, 0]",48.514076232910156,14.95703411102295
sha256:4af389a376c8af830e8af0f9fc58172c2162170ed82ea1ee68afeb987def09b3,NULL,unverifiable,false,b675895862ac12a9cdab171e63f0c48443fce4584b9451a9d9054322a3c89277,9adc2e038ce2134f8e409c70810704c8eb9a9fed953ebedfc70a711dccf0859f,52881240,440677,440677,"[418, 523, 0]",48.51460647583008,14.98856258392334
sha256:4af389a376c8af830e8af0f9fc58172c2162170ed82ea1ee68afeb987def09b3,NULL,unverifiable,false,b675895862ac12a9cdab171e63f0c48443fce4584b9451a9d9054322a3c89277,9adc2e038ce2134f8e409c70810704c8eb9a9fed953ebedfc70a711dccf0859f,52881360,440678,440678,"[418, 524, 0]",48.515140533447266,15.02009105682373
sha256:4af389a376c8af830e8af0f9fc58172c2162170ed82ea1ee68afeb987def09b3,NULL,unverifiable,false,b675895862ac12a9cdab171e63f0c48443fce4584b9451a9d9054322a3c89277,9adc2e038ce2134f8e409c70810704c8eb9a9fed953ebedfc70a711dccf0859f,52881480,440679,440679,"[418, 525, 0]",48.51565933227539,15.051618576049805
sha256:4af389a376c8af830e8af0f9fc58172c2162170ed82ea1ee68afeb987def09b3,NULL,unverifiable,false,b675895862ac12a9cdab171e63f0c48443fce4584b9451a9d9054322a3c89277,9adc2e038ce2134f8e409c70810704c8eb9a9fed953ebedfc70a711dccf0859f,52881600,440680,440680,"[418, 526, 0]",48.516151428222656,15.083150863647461
sha256:4af389a376c8af830e8af0f9fc58172c2162170ed82ea1ee68afeb987def09b3,NULL,unverifiable,false,b675895862ac12a9cdab171e63f0c48443fce4584b9451a9d9054322a3c89277,9adc2e038ce2134f8e409c70810704c8eb9a9fed953ebedfc70a711dccf0859f,52881720,440681,440681,"[418, 527, 0]",48.51665496826172,15.114680290222168
sha256:4af389a376c8af830e8af0f9fc58172c2162170ed82ea1ee68afeb987def09b3,NULL,unverifiable,false,b675895862ac12a9cdab171e63f0c48443fce4584b9451a9d9054322a3c89277,9adc2e038ce2134f8e409c70810704c8eb9a9fed953ebedfc70a711dccf0859f,52881840,440682,440682,"[418, 528, 0]",48.517147064208984,15.146210670471191
sha256:4af389a376c8af830e8af0f9fc58172c2162170ed82ea1ee68afeb987def09b3,NULL,unverifiable,false,b675895862ac12a9cdab171e63f0c48443fce4584b9451a9d9054322a3c89277,9adc2e038ce2134f8e409c70810704c8eb9a9fed953ebedfc70a711dccf0859f,52881960,440683,440683,"[418, 529, 0]",48.51762771606445,15.177742004394531
sha256:4af389a376c8af830e8af0f9fc58172c2162170ed82ea1ee68afeb987def09b3,NULL,unverifiable,false,b675895862ac12a9cdab171e63f0c48443fce4584b9451a9d9054322a3c89277,9adc2e038ce2134f8e409c70810704c8eb9a9fed953ebedfc70a711dccf0859f,52882080,440684,440684,"[418, 530, 0]",48.51811599731445,15.209273338317871
sha256:4af389a376c8af830e8af0f9fc58172c2162170ed82ea1ee68afeb987def09b3,NULL,unverifiable,false,b675895862ac12a9cdab171e63f0c48443fce4584b9451a9d9054322a3c89277,9adc2e038ce2134f8e409c70810704c8eb9a9fed953ebedfc70a711dccf0859f,52882200,440685,440685,"[418, 531, 0]",48.51858139038086,15.24080753326416
sha256:4af389a376c8af830e8af0f9fc58172c2162170ed82ea1ee68afeb987def09b3,NULL,unverifiable,false,b675895862ac12a9cdab171e63f0c48443fce4584b9451a9d9054322a3c89277,9adc2e038ce2134f8e409c70810704c8eb9a9fed953ebedfc70a711dccf0859f,52882320,440686,440686,"[418, 532, 0]",48.51903533935547,15.272339820861816
sha256:4af389a376c8af830e8af0f9fc58172c2162170ed82ea1ee68afeb987def09b3,NULL,unverifiable,false,b675895862ac12a9cdab171e63f0c48443fce4584b9451a9d9054322a3c89277,9adc2e038ce2134f8e409c70810704c8eb9a9fed953ebedfc70a711dccf0859f,53007240,441727,441727,"[419, 520, 0]",48.53385543823242,14.893143653869629
sha256:4af389a376c8af830e8af0f9fc58172c2162170ed82ea1ee68afeb987def09b3,NULL,unverifiable,false,b675895862ac12a9cdab171e63f0c48443fce4584b9451a9d9054322a3c89277,9adc2e038ce2134f8e409c70810704c8eb9a9fed953ebedfc70a711dccf0859f,53007360,441728,441728,"[419, 521, 0]",48.5344123840332,14.9246826171875
sha256:4af389a376c8af830e8af0f9fc58172c2162170ed82ea1ee68afeb987def09b3,NULL,unverifiable,false,b675895862ac12a9cdab171e63f0c48443fce4584b9451a9d9054322a3c89277,9adc2e038ce2134f8e409c70810704c8eb9a9fed953ebedfc70a711dccf0859f,53007480,441729,441729,"[419, 522, 0]",48.53494644165039,14.956221580505371
sha256:4af389a376c8af830e8af0f9fc58172c2162170ed82ea1ee68afeb987def09b3,NULL,unverifiable,false,b675895862ac12a9cdab171e63f0c48443fce4584b9451a9d9054322a3c89277,9adc2e038ce2134f8e409c70810704c8eb9a9fed953ebedfc70a711dccf0859f,53007600,441730,441730,"[419, 523, 0]",48.53549575805664,14.987763404846191
sha256:4af389a376c8af830e8af0f9fc58172c2162170ed82ea1ee68afeb987def09b3,NULL,unverifiable,false,b675895862ac12a9cdab171e63f0c48443fce4584b9451a9d9054322a3c89277,9adc2e038ce2134f8e409c70810704c8eb9a9fed953ebedfc70a711dccf0859f,53007720,441731,441731,"[419, 524, 0]",48.536014556884766,15.019304275512695
sha256:4af389a376c8af830e8af0f9fc58172c2162170ed82ea1ee68afeb987def09b3,NULL,unverifiable,false,b675895862ac12a9cdab171e63f0c48443fce4584b9451a9d9054322a3c89277,9adc2e038ce2134f8e409c70810704c8eb9a9fed953ebedfc70a711dccf0859f,53007840,441732,441732,"[419, 525, 0]",48.536529541015625,15.0508451461792
sha256:4af389a376c8af830e8af0f9fc58172c2162170ed82ea1ee68afeb987def09b3,NULL,unverifiable,false,b675895862ac12a9cdab171e63f0c48443fce4584b9451a9d9054322a3c89277,9adc2e038ce2134f8e409c70810704c8eb9a9fed953ebedfc70a711dccf0859f,53007960,441733,441733,"[419, 526, 0]",48.53704833984375,15.08238697052002
sha256:4af389a376c8af830e8af0f9fc58172c2162170ed82ea1ee68afeb987def09b3,NULL,unverifiable,false,b675895862ac12a9cdab171e63f0c48443fce4584b9451a9d9054322a3c89277,9adc2e038ce2134f8e409c70810704c8eb9a9fed953ebedfc70a711dccf0859f,53008080,441734,441734,"[419, 527, 0]",48.53754425048828,15.113930702209473
sha256:4af389a376c8af830e8af0f9fc58172c2162170ed82ea1ee68afeb987def09b3,NULL,unverifiable,false,b675895862ac12a9cdab171e63f0c48443fce4584b9451a9d9054322a3c89277,9adc2e038ce2134f8e409c70810704c8eb9a9fed953ebedfc70a711dccf0859f,53008200,441735,441735,"[419, 528, 0]",48.53803634643555,15.145472526550293
sha256:4af389a376c8af830e8af0f9fc58172c2162170ed82ea1ee68afeb987def09b3,NULL,unverifiable,false,b675895862ac12a9cdab171e63f0c48443fce4584b9451a9d9054322a3c89277,9adc2e038ce2134f8e409c70810704c8eb9a9fed953ebedfc70a711dccf0859f,53008320,441736,441736,"[419, 529, 0]",48.53852462768555,15.177017211914062
sha256:4af389a376c8af830e8af0f9fc58172c2162170ed82ea1ee68afeb987def09b3,NULL,unverifiable,false,b675895862ac12a9cdab171e63f0c48443fce4584b9451a9d9054322a3c89277,9adc2e038ce2134f8e409c70810704c8eb9a9fed953ebedfc70a711dccf0859f,53008440,441737,441737,"[419, 530, 0]",48.53899383544922,15.208560943603516
sha256:4af389a376c8af830e8af0f9fc58172c2162170ed82ea1ee68afeb987def09b3,NULL,unverifiable,false,b675895862ac12a9cdab171e63f0c48443fce4584b9451a9d9054322a3c89277,9adc2e038ce2134f8e409c70810704c8eb9a9fed953ebedfc70a711dccf0859f,53008560,441738,441738,"[419, 531, 0]",48.53945541381836,15.240106582641602
sha256:4af389a376c8af830e8af0f9fc58172c2162170ed82ea1ee68afeb987def09b3,NULL,unverifiable,false,b675895862ac12a9cdab171e63f0c48443fce4584b9451a9d9054322a3c89277,9adc2e038ce2134f8e409c70810704c8eb9a9fed953ebedfc70a711dccf0859f,53008680,441739,441739,"[419, 532, 0]",48.539920806884766,15.271651268005371
sha256:4af389a376c8af830e8af0f9fc58172c2162170ed82ea1ee68afeb987def09b3,NULL,unverifiable,false,b675895862ac12a9cdab171e63f0c48443fce4584b9451a9d9054322a3c89277,9adc2e038ce2134f8e409c70810704c8eb9a9fed953ebedfc70a711dccf0859f,53133600,442780,442780,"[420, 520, 0]",48.554752349853516,14.892304420471191
sha256:4af389a376c8af830e8af0f9fc58172c2162170ed82ea1ee68afeb987def09b3,NULL,unverifiable,false,b675895862ac12a9cdab171e63f0c48443fce4584b9451a9d9054322a3c89277,9adc2e038ce2134f8e409c70810704c8eb9a9fed953ebedfc70a711dccf0859f,53133720,442781,442781,"[420, 521, 0]",48.555301666259766,14.923857688903809
sha256:4af389a376c8af830e8af0f9fc58172c2162170ed82ea1ee68afeb987def09b3,NULL,unverifiable,false,b675895862ac12a9cdab171e63f0c48443fce4584b9451a9d9054322a3c89277,9adc2e038ce2134f8e409c70810704c8eb9a9fed953ebedfc70a711dccf0859f,53133840,442782,442782,"[420, 522, 0]",48.55584716796875,14.955408096313477
sha256:4af389a376c8af830e8af0f9fc58172c2162170ed82ea1ee68afeb987def09b3,NULL,unverifiable,false,b675895862ac12a9cdab171e63f0c48443fce4584b9451a9d9054322a3c89277,9adc2e038ce2134f8e409c70810704c8eb9a9fed953ebedfc70a711dccf0859f,53133960,442783,442783,"[420, 523, 0]",48.55638122558594,14.986961364746094
sha256:4af389a376c8af830e8af0f9fc58172c2162170ed82ea1ee68afeb987def09b3,NULL,unverifiable,false,b675895862ac12a9cdab171e63f0c48443fce4584b9451a9d9054322a3c89277,9adc2e038ce2134f8e409c70810704c8eb9a9fed953ebedfc70a711dccf0859f,53134080,442784,442784,"[420, 524, 0]",48.556915283203125,15.018514633178711
sha256:4af389a376c8af830e8af0f9fc58172c2162170ed82ea1ee68afeb987def09b3,NULL,unverifiable,false,b675895862ac12a9cdab171e63f0c48443fce4584b9451a9d9054322a3c89277,9adc2e038ce2134f8e409c70810704c8eb9a9fed953ebedfc70a711dccf0859f,53134200,442785,442785,"[420, 525, 0]",48.55743408203125,15.050067901611328
sha256:4af389a376c8af830e8af0f9fc58172c2162170ed82ea1ee68afeb987def09b3,NULL,unverifiable,false,b675895862ac12a9cdab171e63f0c48443fce4584b9451a9d9054322a3c89277,9adc2e038ce2134f8e409c70810704c8eb9a9fed953ebedfc70a711dccf0859f,53134320,442786,442786,"[420, 526, 0]",48.557926177978516,15.081624031066895
sha256:4af389a376c8af830e8af0f9fc58172c2162170ed82ea1ee68afeb987def09b3,NULL,unverifiable,false,b675895862ac12a9cdab171e63f0c48443fce4584b9451a9d9054322a3c89277,9adc2e038ce2134f8e409c70810704c8eb9a9fed953ebedfc70a711dccf0859f,53134440,442787,442787,"[420, 527, 0]",48.55842971801758,15.113179206848145
sha256:4af389a376c8af830e8af0f9fc58172c2162170ed82ea1ee68afeb987def09b3,NULL,unverifiable,false,b675895862ac12a9cdab171e63f0c48443fce4584b9451a9d9054322a3c89277,9adc2e038ce2134f8e409c70810704c8eb9a9fed953ebedfc70a711dccf0859f,53134560,442788,442788,"[420, 528, 0]",48.558921813964844,15.144735336303711
sha256:4af389a376c8af830e8af0f9fc58172c2162170ed82ea1ee68afeb987def09b3,NULL,unverifiable,false,b675895862ac12a9cdab171e63f0c48443fce4584b9451a9d9054322a3c89277,9adc2e038ce2134f8e409c70810704c8eb9a9fed953ebedfc70a711dccf0859f,53134680,442789,442789,"[420, 529, 0]",48.559410095214844,15.176292419433594
sha256:4af389a376c8af830e8af0f9fc58172c2162170ed82ea1ee68afeb987def09b3,NULL,unverifiable,false,b675895862ac12a9cdab171e63f0c48443fce4584b9451a9d9054322a3c89277,9adc2e038ce2134f8e409c70810704c8eb9a9fed953ebedfc70a711dccf0859f,53134800,442790,442790,"[420, 530, 0]",48.55989074707031,15.207849502563477
sha256:4af389a376c8af830e8af0f9fc58172c2162170ed82ea1ee68afeb987def09b3,NULL,unverifiable,false,b675895862ac12a9cdab171e63f0c48443fce4584b9451a9d9054322a3c89277,9adc2e038ce2134f8e409c70810704c8eb9a9fed953ebedfc70a711dccf0859f,53134920,442791,442791,"[420, 531, 0]",48.56035232543945,15.239407539367676
sha256:4af389a376c8af830e8af0f9fc58172c2162170ed82ea1ee68afeb987def09b3,NULL,unverifiable,false,b675895862ac12a9cdab171e63f0c48443fce4584b9451a9d9054322a3c89277,9adc2e038ce2134f8e409c70810704c8eb9a9fed953ebedfc70a711dccf0859f,53135040,442792,442792,"[420, 532, 0]",48.560821533203125,15.270965576171875
sha256:4af389a376c8af830e8af0f9fc58172c2162170ed82ea1ee68afeb987def09b3,NULL,unverifiable,false,b675895862ac12a9cdab171e63f0c48443fce4584b9451a9d9054322a3c89277,9adc2e038ce2134f8e409c70810704c8eb9a9fed953ebedfc70a711dccf0859f,53259960,443833,443833,"[421, 520, 0]",48.57563018798828,14.891467094421387
sha256:4af389a376c8af830e8af0f9fc58172c2162170ed82ea1ee68afeb987def09b3,NULL,unverifiable,false,b675895862ac12a9cdab171e63f0c48443fce4584b9451a9d9054322a3c89277,9adc2e038ce2134f8e409c70810704c8eb9a9fed953ebedfc70a711dccf0859f,53260080,443834,443834,"[421, 521, 0]",48.576171875,14.923029899597168
sha256:4af389a376c8af830e8af0f9fc58172c2162170ed82ea1ee68afeb987def09b3,NULL,unverifiable,false,b675895862ac12a9cdab171e63f0c48443fce4584b9451a9d9054322a3c89277,9adc2e038ce2134f8e409c70810704c8eb9a9fed953ebedfc70a711dccf0859f,53260200,443835,443835,"[421, 522, 0]",48.57672119140625,14.954596519470215
sha256:4af389a376c8af830e8af0f9fc58172c2162170ed82ea1ee68afeb987def09b3,NULL,unverifiable,false,b675895862ac12a9cdab171e63f0c48443fce4584b9451a9d9054322a3c89277,9adc2e038ce2134f8e409c70810704c8eb9a9fed953ebedfc70a711dccf0859f,53260320,443836,443836,"[421, 523, 0]",48.57725143432617,14.986160278320312
sha256:4af389a376c8af830e8af0f9fc58172c2162170ed82ea1ee68afeb987def09b3,NULL,unverifiable,false,b675895862ac12a9cdab171e63f0c48443fce4584b9451a9d9054322a3c89277,9adc2e038ce2134f8e409c70810704c8eb9a9fed953ebedfc70a711dccf0859f,53260440,443837,443837,"[421, 524, 0]",48.57778549194336,15.017727851867676
sha256:4af389a376c8af830e8af0f9fc58172c2162170ed82ea1ee68afeb987def09b3,NULL,unverifiable,false,b675895862ac12a9cdab171e63f0c48443fce4584b9451a9d9054322a3c89277,9adc2e038ce2134f8e409c70810704c8eb9a9fed953ebedfc70a711dccf0859f,53260560,443838,443838,"[421, 525, 0]",48.578304290771484,15.049293518066406
sha256:4af389a376c8af830e8af0f9fc58172c2162170ed82ea1ee68afeb987def09b3,NULL,unverifiable,false,b675895862ac12a9cdab171e63f0c48443fce4584b9451a9d9054322a3c89277,9adc2e038ce2134f8e409c70810704c8eb9a9fed953ebedfc70a711dccf0859f,53260680,443839,443839,"[421, 526, 0]",48.57882308959961,15.080860137939453
sha256:4af389a376c8af830e8af0f9fc58172c2162170ed82ea1ee68afeb987def09b3,NULL,unverifiable,false,b675895862ac12a9cdab171e63f0c48443fce4584b9451a9d9054322a3c89277,9adc2e038ce2134f8e409c70810704c8eb9a9fed953ebedfc70a711dccf0859f,53260800,443840,443840,"[421, 527, 0]",48.579315185546875,15.112428665161133
sha256:4af389a376c8af830e8af0f9fc58172c2162170ed82ea1ee68afeb987def09b3,NULL,unverifiable,false,b675895862ac12a9cdab171e63f0c48443fce4584b9451a9d9054322a3c89277,9adc2e038ce2134f8e409c70810704c8eb9a9fed953ebedfc70a711dccf0859f,53260920,443841,443841,"[421, 528, 0]",48.57980728149414,15.143997192382812
sha256:4af389a376c8af830e8af0f9fc58172c2162170ed82ea1ee68afeb987def09b3,NULL,unverifiable,false,b675895862ac12a9cdab171e63f0c48443fce4584b9451a9d9054322a3c89277,9adc2e038ce2134f8e409c70810704c8eb9a9fed953ebedfc70a711dccf0859f,53261040,443842,443842,"[421, 529, 0]",48.58028793334961,15.175566673278809
sha256:4af389a376c8af830e8af0f9fc58172c2162170ed82ea1ee68afeb987def09b3,NULL,unverifiable,false,b675895862ac12a9cdab171e63f0c48443fce4584b9451a9d9054322a3c89277,9adc2e038ce2134f8e409c70810704c8eb9a9fed953ebedfc70a711dccf0859f,53261160,443843,443843,"[421, 530, 0]",48.58076095581055,15.207136154174805
sha256:4af389a376c8af830e8af0f9fc58172c2162170ed82ea1ee68afeb987def09b3,NULL,unverifiable,false,b675895862ac12a9cdab171e63f0c48443fce4584b9451a9d9054322a3c89277,9adc2e038ce2134f8e409c70810704c8eb9a9fed953ebedfc70a711dccf0859f,53261280,443844,443844,"[421, 531, 0]",48.58124542236328,15.238706588745117
sha256:4af389a376c8af830e8af0f9fc58172c2162170ed82ea1ee68afeb987def09b3,NULL,unverifiable,false,b675895862ac12a9cdab171e63f0c48443fce4584b9451a9d9054322a3c89277,9adc2e038ce2134f8e409c70810704c8eb9a9fed953ebedfc70a711dccf0859f,53261400,443845,443845,"[421, 532, 0]",48.581695556640625,15.27027702331543
sha256:4af389a376c8af830e8af0f9fc58172c2162170ed82ea1ee68afeb987def09b3,NULL,unverifiable,false,b675895862ac12a9cdab171e63f0c48443fce4584b9451a9d9054322a3c89277,9adc2e038ce2134f8e409c70810704c8eb9a9fed953ebedfc70a711dccf0859f,53386320,444886,444886,"[422, 520, 0]",48.59651565551758,14.89062786102295
sha256:4af389a376c8af830e8af0f9fc58172c2162170ed82ea1ee68afeb987def09b3,NULL,unverifiable,false,b675895862ac12a9cdab171e63f0c48443fce4584b9451a9d9054322a3c89277,9adc2e038ce2134f8e409c70810704c8eb9a9fed953ebedfc70a711dccf0859f,53386440,444887,444887,"[422, 521, 0]",48.59706115722656,14.922204971313477
sha256:4af389a376c8af830e8af0f9fc58172c2162170ed82ea1ee68afeb987def09b3,NULL,unverifiable,false,b675895862ac12a9cdab171e63f0c48443fce4584b9451a9d9054322a3c89277,9adc2e038ce2134f8e409c70810704c8eb9a9fed953ebedfc70a711dccf0859f,53386560,444888,444888,"[422, 522, 0]",48.59760665893555,14.953781127929688
sha256:4af389a376c8af830e8af0f9fc58172c2162170ed82ea1ee68afeb987def09b3,NULL,unverifiable,false,b675895862ac12a9cdab171e63f0c48443fce4584b9451a9d9054322a3c89277,9adc2e038ce2134f8e409c70810704c8eb9a9fed953ebedfc70a711dccf0859f,53386680,444889,444889,"[422, 523, 0]",48.598140716552734,14.985359191894531
sha256:4af389a376c8af830e8af0f9fc58172c2162170ed82ea1ee68afeb987def09b3,NULL,unverifiable,false,b675895862ac12a9cdab171e63f0c48443fce4584b9451a9d9054322a3c89277,9adc2e038ce2134f8e409c70810704c8eb9a9fed953ebedfc70a711dccf0859f,53386800,444890,444890,"[422, 524, 0]",48.598670959472656,15.016937255859375
sha256:4af389a376c8af830e8af0f9fc58172c2162170ed82ea1ee68afeb987def09b3,NULL,unverifiable,false,b675895862ac12a9cdab171e63f0c48443fce4584b9451a9d9054322a3c89277,9adc2e038ce2134f8e409c70810704c8eb9a9fed953ebedfc70a711dccf0859f,53386920,444891,444891,"[422, 525, 0]",48.59918212890625,15.048516273498535
sha256:4af389a376c8af830e8af0f9fc58172c2162170ed82ea1ee68afeb987def09b3,NULL,unverifiable,false,b675895862ac12a9cdab171e63f0c48443fce4584b9451a9d9054322a3c89277,9adc2e038ce2134f8e409c70810704c8eb9a9fed953ebedfc70a711dccf0859f,53387040,444892,444892,"[422, 526, 0]",48.59969711303711,15.080098152160645
sha256:4af389a376c8af830e8af0f9fc58172c2162170ed82ea1ee68afeb987def09b3,NULL,unverifiable,false,b675895862ac12a9cdab171e63f0c48443fce4584b9451a9d9054322a3c89277,9adc2e038ce2134f8e409c70810704c8eb9a9fed953ebedfc70a711dccf0859f,53387160,444893,444893,"[422, 527, 0]",48.60020065307617,15.111677169799805
sha256:4af389a376c8af830e8af0f9fc58172c2162170ed82ea1ee68afeb987def09b3,NULL,unverifiable,false,b675895862ac12a9cdab171e63f0c48443fce4584b9451a9d9054322a3c89277,9adc2e038ce2134f8e409c70810704c8eb9a9fed953ebedfc70a711dccf0859f,53387280,444894,444894,"[422, 528, 0]",48.6006965637207,15.143257141113281
sha256:4af389a376c8af830e8af0f9fc58172c2162170ed82ea1ee68afeb987def09b3,NULL,unverifiable,false,b675895862ac12a9cdab171e63f0c48443fce4584b9451a9d9054322a3c89277,9adc2e038ce2134f8e409c70810704c8eb9a9fed953ebedfc70a711dccf0859f,53387400,444895,444895,"[422, 529, 0]",48.601173400878906,15.17483901977539
sha256:4af389a376c8af830e8af0f9fc58172c2162170ed82ea1ee68afeb987def09b3,NULL,unverifiable,false,b675895862ac12a9cdab171e63f0c48443fce4584b9451a9d9054322a3c89277,9adc2e038ce2134f8e409c70810704c8eb9a9fed953ebedfc70a711dccf0859f,53387520,444896,444896,"[422, 530, 0]",48.601654052734375,15.206421852111816
sha256:4af389a376c8af830e8af0f9fc58172c2162170ed82ea1ee68afeb987def09b3,NULL,unverifiable,false,b675895862ac12a9cdab171e63f0c48443fce4584b9451a9d9054322a3c89277,9adc2e038ce2134f8e409c70810704c8eb9a9fed953ebedfc70a711dccf0859f,53387640,444897,444897,"[422, 531, 0]",48.60212707519531,15.238004684448242
sha256:4af389a376c8af830e8af0f9fc58172c2162170ed82ea1ee68afeb987def09b3,NULL,unverifiable,false,b675895862ac12a9cdab171e63f0c48443fce4584b9451a9d9054322a3c89277,9adc2e038ce2134f8e409c70810704c8eb9a9fed953ebedfc70a711dccf0859f,53387760,444898,444898,"[422, 532, 0]",48.60258102416992,15.269587516784668
sha256:4af389a376c8af830e8af0f9fc58172c2162170ed82ea1ee68afeb987def09b3,NULL,unverifiable,false,b675895862ac12a9cdab171e63f0c48443fce4584b9451a9d9054322a3c89277,9adc2e038ce2134f8e409c70810704c8eb9a9fed953ebedfc70a711dccf0859f,53512680,445939,445939,"[423, 520, 0]",48.617401123046875,14.889786720275879
sha256:4af389a376c8af830e8af0f9fc58172c2162170ed82ea1ee68afeb987def09b3,NULL,unverifiable,false,b675895862ac12a9cdab171e63f0c48443fce4584b9451a9d9054322a3c89277,9adc2e038ce2134f8e409c70810704c8eb9a9fed953ebedfc70a711dccf0859f,53512800,445940,445940,"[423, 521, 0]",48.61794662475586,14.92137622833252
sha256:4af389a376c8af830e8af0f9fc58172c2162170ed82ea1ee68afeb987def09b3,NULL,unverifiable,false,b675895862ac12a9cdab171e63f0c48443fce4584b9451a9d9054322a3c89277,9adc2e038ce2134f8e409c70810704c8eb9a9fed953ebedfc70a711dccf0859f,53512920,445941,445941,"[423, 522, 0]",48.618492126464844,14.95296573638916
sha256:4af389a376c8af830e8af0f9fc58172c2162170ed82ea1ee68afeb987def09b3,NULL,unverifiable,false,b675895862ac12a9cdab171e63f0c48443fce4584b9451a9d9054322a3c89277,9adc2e038ce2134f8e409c70810704c8eb9a9fed953ebedfc70a711dccf0859f,53513040,445942,445942,"[423, 523, 0]",48.61902618408203,14.984557151794434
sha256:4af389a376c8af830e8af0f9fc58172c2162170ed82ea1ee68afeb987def09b3,NULL,unverifiable,false,b675895862ac12a9cdab171e63f0c48443fce4584b9451a9d9054322a3c89277,9adc2e038ce2134f8e409c70810704c8eb9a9fed953ebedfc70a711dccf0859f,53513160,445943,445943,"[423, 524, 0]",48.61956024169922,15.01614761352539
sha256:4af389a376c8af830e8af0f9fc58172c2162170ed82ea1ee68afeb987def09b3,NULL,unverifiable,false,b675895862ac12a9cdab171e63f0c48443fce4584b9451a9d9054322a3c89277,9adc2e038ce2134f8e409c70810704c8eb9a9fed953ebedfc70a711dccf0859f,53513280,445944,445944,"[423, 525, 0]",48.620079040527344,15.047739028930664
sha256:4af389a376c8af830e8af0f9fc58172c2162170ed82ea1ee68afeb987def09b3,NULL,unverifiable,false,b675895862ac12a9cdab171e63f0c48443fce4584b9451a9d9054322a3c89277,9adc2e038ce2134f8e409c70810704c8eb9a9fed953ebedfc70a711dccf0859f,53513400,445945,445945,"[423, 526, 0]",48.62058639526367,15.079333305358887
sha256:4af389a376c8af830e8af0f9fc58172c2162170ed82ea1ee68afeb987def09b3,NULL,unverifiable,false,b675895862ac12a9cdab171e63f0c48443fce4584b9451a9d9054322a3c89277,9adc2e038ce2134f8e409c70810704c8eb9a9fed953ebedfc70a711dccf0859f,53513520,445946,445946,"[423, 527, 0]",48.621089935302734,15.110925674438477
sha256:4af389a376c8af830e8af0f9fc58172c2162170ed82ea1ee68afeb987def09b3,NULL,unverifiable,false,b675895862ac12a9cdab171e63f0c48443fce4584b9451a9d9054322a3c89277,9adc2e038ce2134f8e409c70810704c8eb9a9fed953ebedfc70a711dccf0859f,53513640,445947,445947,"[423, 528, 0]",48.62158203125,15.142518997192383
sha256:4af389a376c8af830e8af0f9fc58172c2162170ed82ea1ee68afeb987def09b3,NULL,unverifiable,false,b675895862ac12a9cdab171e63f0c48443fce4584b9451a9d9054322a3c89277,9adc2e038ce2134f8e409c70810704c8eb9a9fed953ebedfc70a711dccf0859f,53513760,445948,445948,"[423, 529, 0]",48.6220588684082,15.174111366271973
sha256:4af389a376c8af830e8af0f9fc58172c2162170ed82ea1ee68afeb987def09b3,NULL,unverifiable,false,b675895862ac12a9cdab171e63f0c48443fce4584b9451a9d9054322a3c89277,9adc2e038ce2134f8e409c70810704c8eb9a9fed953ebedfc70a711dccf0859f,53513880,445949,445949,"[423, 530, 0]",48.62253952026367,15.205707550048828
sha256:4af389a376c8af830e8af0f9fc58172c2162170ed82ea1ee68afeb987def09b3,NULL,unverifiable,false,b675895862ac12a9cdab171e63f0c48443fce4584b9451a9d9054322a3c89277,9adc2e038ce2134f8e409c70810704c8eb9a9fed953ebedfc70a711dccf0859f,53514000,445950,445950,"[423, 531, 0]",48.62300491333008,15.237302780151367
sha256:4af389a376c8af830e8af0f9fc58172c2162170ed82ea1ee68afeb987def09b3,NULL,unverifiable,false,b675895862ac12a9cdab171e63f0c48443fce4584b9451a9d9054322a3c89277,9adc2e038ce2134f8e409c70810704c8eb9a9fed953ebedfc70a711dccf0859f,53514120,445951,445951,"[423, 532, 0]",48.62346649169922,15.268898010253906
sha256:4af389a376c8af830e8af0f9fc58172c2162170ed82ea1ee68afeb987def09b3,NULL,unverifiable,false,b675895862ac12a9cdab171e63f0c48443fce4584b9451a9d9054322a3c89277,9adc2e038ce2134f8e409c70810704c8eb9a9fed953ebedfc70a711dccf0859f,53639040,446992,446992,"[424, 520, 0]",48.638275146484375,14.888946533203125
sha256:4af389a376c8af830e8af0f9fc58172c2162170ed82ea1ee68afeb987def09b3,NULL,unverifiable,false,b675895862ac12a9cdab171e63f0c48443fce4584b9451a9d9054322a3c89277,9adc2e038ce2134f8e409c70810704c8eb9a9fed953ebedfc70a711dccf0859f,53639160,446993,446993,"[424, 521, 0]",48.638832092285156,14.920547485351562
sha256:4af389a376c8af830e8af0f9fc58172c2162170ed82ea1ee68afeb987def09b3,NULL,unverifiable,false,b675895862ac12a9cdab171e63f0c48443fce4584b9451a9d9054322a3c89277,9adc2e038ce2134f8e409c70810704c8eb9a9fed953ebedfc70a711dccf0859f,53639280,446994,446994,"[424, 522, 0]",48.639366149902344,14.952150344848633
sha256:4af389a376c8af830e8af0f9fc58172c2162170ed82ea1ee68afeb987def09b3,NULL,unverifiable,false,b675895862ac12a9cdab171e63f0c48443fce4584b9451a9d9054322a3c89277,9adc2e038ce2134f8e409c70810704c8eb9a9fed953ebedfc70a711dccf0859f,53639400,446995,446995,"[424, 523, 0]",48.63991165161133,14.983753204345703
sha256:4af389a376c8af830e8af0f9fc58172c2162170ed82ea1ee68afeb987def09b3,NULL,unverifiable,false,b675895862ac12a9cdab171e63f0c48443fce4584b9451a9d9054322a3c89277,9adc2e038ce2134f8e409c70810704c8eb9a9fed953ebedfc70a711dccf0859f,53639520,446996,446996,"[424, 524, 0]",48.64043045043945,15.015357971191406
sha256:4af389a376c8af830e8af0f9fc58172c2162170ed82ea1ee68afeb987def09b3,NULL,unverifiable,false,b675895862ac12a9cdab171e63f0c48443fce4584b9451a9d9054322a3c89277,9adc2e038ce2134f8e409c70810704c8eb9a9fed953ebedfc70a711dccf0859f,53639640,446997,446997,"[424, 525, 0]",48.64094924926758,15.046960830688477
sha256:4af389a376c8af830e8af0f9fc58172c2162170ed82ea1ee68afeb987def09b3,NULL,unverifiable,false,b675895862ac12a9cdab171e63f0c48443fce4584b9451a9d9054322a3c89277,9adc2e038ce2134f8e409c70810704c8eb9a9fed953ebedfc70a711dccf0859f,53639760,446998,446998,"[424, 526, 0]",48.64147186279297,15.07856559753418
sha256:4af389a376c8af830e8af0f9fc58172c2162170ed82ea1ee68afeb987def09b3,NULL,unverifiable,false,b675895862ac12a9cdab171e63f0c48443fce4584b9451a9d9054322a3c89277,9adc2e038ce2134f8e409c70810704c8eb9a9fed953ebedfc70a711dccf0859f,53639880,446999,446999,"[424, 527, 0]",48.64196014404297,15.110172271728516
sha256:4af389a376c8af830e8af0f9fc58172c2162170ed82ea1ee68afeb987def09b3,NULL,unverifiable,false,b675895862ac12a9cdab171e63f0c48443fce4584b9451a9d9054322a3c89277,9adc2e038ce2134f8e409c70810704c8eb9a9fed953ebedfc70a711dccf0859f,53640000,447000,447000,"[424, 528, 0]",48.6424560546875,15.141777038574219
sha256:4af389a376c8af830e8af0f9fc58172c2162170ed82ea1ee68afeb987def09b3,NULL,unverifiable,false,b675895862ac12a9cdab171e63f0c48443fce4584b9451a9d9054322a3c89277,9adc2e038ce2134f8e409c70810704c8eb9a9fed953ebedfc70a711dccf0859f,53640120,447001,447001,"[424, 529, 0]",48.642948150634766,15.173384666442871
sha256:4af389a376c8af830e8af0f9fc58172c2162170ed82ea1ee68afeb987def09b3,NULL,unverifiable,false,b675895862ac12a9cdab171e63f0c48443fce4584b9451a9d9054322a3c89277,9adc2e038ce2134f8e409c70810704c8eb9a9fed953ebedfc70a711dccf0859f,53640240,447002,447002,"[424, 530, 0]",48.643409729003906,15.204992294311523
sha256:4af389a376c8af830e8af0f9fc58172c2162170ed82ea1ee68afeb987def09b3,NULL,unverifiable,false,b675895862ac12a9cdab171e63f0c48443fce4584b9451a9d9054322a3c89277,9adc2e038ce2134f8e409c70810704c8eb9a9fed953ebedfc70a711dccf0859f,53640360,447003,447003,"[424, 531, 0]",48.64390563964844,15.236599922180176
sha256:4af389a376c8af830e8af0f9fc58172c2162170ed82ea1ee68afeb987def09b3,NULL,unverifiable,false,b675895862ac12a9cdab171e63f0c48443fce4584b9451a9d9054322a3c89277,9adc2e038ce2134f8e409c70810704c8eb9a9fed953ebedfc70a711dccf0859f,53640480,447004,447004,"[424, 532, 0]",48.644351959228516,15.268208503723145
sha256:4af389a376c8af830e8af0f9fc58172c2162170ed82ea1ee68afeb987def09b3,NULL,unverifiable,false,b675895862ac12a9cdab171e63f0c48443fce4584b9451a9d9054322a3c89277,9adc2e038ce2134f8e409c70810704c8eb9a9fed953ebedfc70a711dccf0859f,53765400,448045,448045,"[425, 520, 0]",48.659175872802734,14.888104438781738
sha256:4af389a376c8af830e8af0f9fc58172c2162170ed82ea1ee68afeb987def09b3,NULL,unverifiable,false,b675895862ac12a9cdab171e63f0c48443fce4584b9451a9d9054322a3c89277,9adc2e038ce2134f8e409c70810704c8eb9a9fed953ebedfc70a711dccf0859f,53765520,448046,448046,"[425, 521, 0]",48.659725189208984,14.919718742370605
sha256:4af389a376c8af830e8af0f9fc58172c2162170ed82ea1ee68afeb987def09b3,NULL,unverifiable,false,b675895862ac12a9cdab171e63f0c48443fce4584b9451a9d9054322a3c89277,9adc2e038ce2134f8e409c70810704c8eb9a9fed953ebedfc70a711dccf0859f,53765640,448047,448047,"[425, 522, 0]",48.66025161743164,14.951334953308105
sha256:4af389a376c8af830e8af0f9fc58172c2162170ed82ea1ee68afeb987def09b3,NULL,unverifiable,false,b675895862ac12a9cdab171e63f0c48443fce4584b9451a9d9054322a3c89277,9adc2e038ce2134f8e409c70810704c8eb9a9fed953ebedfc70a711dccf0859f,53765760,448048,448048,"[425, 523, 0]",48.66080093383789,14.982950210571289
sha256:4af389a376c8af830e8af0f9fc58172c2162170ed82ea1ee68afeb987def09b3,NULL,unverifiable,false,b675895862ac12a9cdab171e63f0c48443fce4584b9451a9d9054322a3c89277,9adc2e038ce2134f8e409c70810704c8eb9a9fed953ebedfc70a711dccf0859f,53765880,448049,448049,"[425, 524, 0]",48.661319732666016,15.014565467834473
sha256:4af389a376c8af830e8af0f9fc58172c2162170ed82ea1ee68afeb987def09b3,NULL,unverifiable,false,b675895862ac12a9cdab171e63f0c48443fce4584b9451a9d9054322a3c89277,9adc2e038ce2134f8e409c70810704c8eb9a9fed953ebedfc70a711dccf0859f,53766000,448050,448050,"[425, 525, 0]",48.661834716796875,15.046182632446289
sha256:4af389a376c8af830e8af0f9fc58172c2162170ed82ea1ee68afeb987def09b3,NULL,unverifiable,false,b675895862ac12a9cdab171e63f0c48443fce4584b9451a9d9054322a3c89277,9adc2e038ce2134f8e409c70810704c8eb9a9fed953ebedfc70a711dccf0859f,53766120,448051,448051,"[425, 526, 0]",48.662357330322266,15.077800750732422
sha256:4af389a376c8af830e8af0f9fc58172c2162170ed82ea1ee68afeb987def09b3,NULL,unverifiable,false,b675895862ac12a9cdab171e63f0c48443fce4584b9451a9d9054322a3c89277,9adc2e038ce2134f8e409c70810704c8eb9a9fed953ebedfc70a711dccf0859f,53766240,448052,448052,"[425, 527, 0]",48.66286087036133,15.109416961669922
sha256:4af389a376c8af830e8af0f9fc58172c2162170ed82ea1ee68afeb987def09b3,NULL,unverifiable,false,b675895862ac12a9cdab171e63f0c48443fce4584b9451a9d9054322a3c89277,9adc2e038ce2134f8e409c70810704c8eb9a9fed953ebedfc70a711dccf0859f,53766360,448053,448053,"[425, 528, 0]",48.66335678100586,15.141036987304688
sha256:4af389a376c8af830e8af0f9fc58172c2162170ed82ea1ee68afeb987def09b3,NULL,unverifiable,false,b675895862ac12a9cdab171e63f0c48443fce4584b9451a9d9054322a3c89277,9adc2e038ce2134f8e409c70810704c8eb9a9fed953ebedfc70a711dccf0859f,53766480,448054,448054,"[425, 529, 0]",48.66383361816406,15.172657012939453
sha256:4af389a376c8af830e8af0f9fc58172c2162170ed82ea1ee68afeb987def09b3,NULL,unverifiable,false,b675895862ac12a9cdab171e63f0c48443fce4584b9451a9d9054322a3c89277,9adc2e038ce2134f8e409c70810704c8eb9a9fed953ebedfc70a711dccf0859f,53766600,448055,448055,"[425, 530, 0]",48.66431427001953,15.204277992248535
sha256:4af389a376c8af830e8af0f9fc58172c2162170ed82ea1ee68afeb987def09b3,NULL,unverifiable,false,b675895862ac12a9cdab171e63f0c48443fce4584b9451a9d9054322a3c89277,9adc2e038ce2134f8e409c70810704c8eb9a9fed953ebedfc70a711dccf0859f,53766720,448056,448056,"[425, 531, 0]",48.66477584838867,15.2358980178833
sha256:4af389a376c8af830e8af0f9fc58172c2162170ed82ea1ee68afeb987def09b3,NULL,unverifiable,false,b675895862ac12a9cdab171e63f0c48443fce4584b9451a9d9054322a3c89277,9adc2e038ce2134f8e409c70810704c8eb9a9fed953ebedfc70a711dccf0859f,53766840,448057,448057,"[425, 532, 0]",48.66524124145508,15.267518043518066
sha256:4af389a376c8af830e8af0f9fc58172c2162170ed82ea1ee68afeb987def09b3,NULL,unverifiable,false,b675895862ac12a9cdab171e63f0c48443fce4584b9451a9d9054322a3c89277,9adc2e038ce2134f8e409c70810704c8eb9a9fed953ebedfc70a711dccf0859f,53891760,449098,449098,"[426, 520, 0]",48.680049896240234,14.887262344360352
sha256:4af389a376c8af830e8af0f9fc58172c2162170ed82ea1ee68afeb987def09b3,NULL,unverifiable,false,b675895862ac12a9cdab171e63f0c48443fce4584b9451a9d9054322a3c89277,9adc2e038ce2134f8e409c70810704c8eb9a9fed953ebedfc70a711dccf0859f,53891880,449099,449099,"[426, 521, 0]",48.68059539794922,14.918889999389648
sha256:4af389a376c8af830e8af0f9fc58172c2162170ed82ea1ee68afeb987def09b3,NULL,unverifiable,false,b675895862ac12a9cdab171e63f0c48443fce4584b9451a9d9054322a3c89277,9adc2e038ce2134f8e409c70810704c8eb9a9fed953ebedfc70a711dccf0859f,53892000,449100,449100,"[426, 522, 0]",48.68114471435547,14.950517654418945
sha256:4af389a376c8af830e8af0f9fc58172c2162170ed82ea1ee68afeb987def09b3,NULL,unverifiable,false,b675895862ac12a9cdab171e63f0c48443fce4584b9451a9d9054322a3c89277,9adc2e038ce2134f8e409c70810704c8eb9a9fed953ebedfc70a711dccf0859f,53892120,449101,449101,"[426, 523, 0]",48.681671142578125,14.982146263122559
sha256:4af389a376c8af830e8af0f9fc58172c2162170ed82ea1ee68afeb987def09b3,NULL,unverifiable,false,b675895862ac12a9cdab171e63f0c48443fce4584b9451a9d9054322a3c89277,9adc2e038ce2134f8e409c70810704c8eb9a9fed953ebedfc70a711dccf0859f,53892240,449102,449102,"[426, 524, 0]",48.68220520019531,15.013775825500488
sha256:4af389a376c8af830e8af0f9fc58172c2162170ed82ea1ee68afeb987def09b3,NULL,unverifiable,false,b675895862ac12a9cdab171e63f0c48443fce4584b9451a9d9054322a3c89277,9adc2e038ce2134f8e409c70810704c8eb9a9fed953ebedfc70a711dccf0859f,53892360,449103,449103,"[426, 525, 0]",48.6827278137207,15.045404434204102
sha256:4af389a376c8af830e8af0f9fc58172c2162170ed82ea1ee68afeb987def09b3,NULL,unverifiable,false,b675895862ac12a9cdab171e63f0c48443fce4584b9451a9d9054322a3c89277,9adc2e038ce2134f8e409c70810704c8eb9a9fed953ebedfc70a711dccf0859f,53892480,449104,449104,"[426, 526, 0]",48.683231353759766,15.077033996582031
sha256:4af389a376c8af830e8af0f9fc58172c2162170ed82ea1ee68afeb987def09b3,NULL,unverifiable,false,b675895862ac12a9cdab171e63f0c48443fce4584b9451a9d9054322a3c89277,9adc2e038ce2134f8e409c70810704c8eb9a9fed953ebedfc70a711dccf0859f,53892600,449105,449105,"[426, 527, 0]",48.68373489379883,15.108664512634277
sha256:4af389a376c8af830e8af0f9fc58172c2162170ed82ea1ee68afeb987def09b3,NULL,unverifiable,false,b675895862ac12a9cdab171e63f0c48443fce4584b9451a9d9054322a3c89277,9adc2e038ce2134f8e409c70810704c8eb9a9fed953ebedfc70a711dccf0859f,53892720,449106,449106,"[426, 528, 0]",48.684226989746094,15.14029598236084
sha256:4af389a376c8af830e8af0f9fc58172c2162170ed82ea1ee68afeb987def09b3,NULL,unverifiable,false,b675895862ac12a9cdab171e63f0c48443fce4584b9451a9d9054322a3c89277,9adc2e038ce2134f8e409c70810704c8eb9a9fed953ebedfc70a711dccf0859f,53892840,449107,449107,"[426, 529, 0]",48.68471908569336,15.171927452087402
sha256:4af389a376c8af830e8af0f9fc58172c2162170ed82ea1ee68afeb987def09b3,NULL,unverifiable,false,b675895862ac12a9cdab171e63f0c48443fce4584b9451a9d9054322a3c89277,9adc2e038ce2134f8e409c70810704c8eb9a9fed953ebedfc70a711dccf0859f,53892960,449108,449108,"[426, 530, 0]",48.685184478759766,15.203559875488281
sha256:4af389a376c8af830e8af0f9fc58172c2162170ed82ea1ee68afeb987def09b3,NULL,unverifiable,false,b675895862ac12a9cdab171e63f0c48443fce4584b9451a9d9054322a3c89277,9adc2e038ce2134f8e409c70810704c8eb9a9fed953ebedfc70a711dccf0859f,53893080,449109,449109,"[426, 531, 0]",48.68566131591797,15.235193252563477
sha256:4af389a376c8af830e8af0f9fc58172c2162170ed82ea1ee68afeb987def09b3,NULL,unverifiable,false,b675895862ac12a9cdab171e63f0c48443fce4584b9451a9d9054322a3c89277,9adc2e038ce2134f8e409c70810704c8eb9a9fed953ebedfc70a711dccf0859f,53893200,449110,449110,"[426, 532, 0]",48.68611145019531,15.266826629638672
sha256:4af389a376c8af830e8af0f9fc58172c2162170ed82ea1ee68afeb987def09b3,NULL,unverifiable,false,b675895862ac12a9cdab171e63f0c48443fce4584b9451a9d9054322a3c89277,9adc2e038ce2134f8e409c70810704c8eb9a9fed953ebedfc70a711dccf0859f,54018120,450151,450151,"[427, 520, 0]",48.70093536376953,14.886419296264648
sha256:4af389a376c8af830e8af0f9fc58172c2162170ed82ea1ee68afeb987def09b3,NULL,unverifiable,false,b675895862ac12a9cdab171e63f0c48443fce4584b9451a9d9054322a3c89277,9adc2e038ce2134f8e409c70810704c8eb9a9fed953ebedfc70a711dccf0859f,54018240,450152,450152,"[427, 521, 0]",48.701480865478516,14.918060302734375
sha256:4af389a376c8af830e8af0f9fc58172c2162170ed82ea1ee68afeb987def09b3,NULL,unverifiable,false,b675895862ac12a9cdab171e63f0c48443fce4584b9451a9d9054322a3c89277,9adc2e038ce2134f8e409c70810704c8eb9a9fed953ebedfc70a711dccf0859f,54018360,450153,450153,"[427, 522, 0]",48.7020263671875,14.949699401855469
sha256:4af389a376c8af830e8af0f9fc58172c2162170ed82ea1ee68afeb987def09b3,NULL,unverifiable,false,b675895862ac12a9cdab171e63f0c48443fce4584b9451a9d9054322a3c89277,9adc2e038ce2134f8e409c70810704c8eb9a9fed953ebedfc70a711dccf0859f,54018480,450154,450154,"[427, 523, 0]",48.70256423950195,14.981340408325195
sha256:4af389a376c8af830e8af0f9fc58172c2162170ed82ea1ee68afeb987def09b3,NULL,unverifiable,false,b675895862ac12a9cdab171e63f0c48443fce4584b9451a9d9054322a3c89277,9adc2e038ce2134f8e409c70810704c8eb9a9fed953ebedfc70a711dccf0859f,54018600,450155,450155,"[427, 524, 0]",48.70307540893555,15.012981414794922
sha256:4af389a376c8af830e8af0f9fc58172c2162170ed82ea1ee68afeb987def09b3,NULL,unverifiable,false,b675895862ac12a9cdab171e63f0c48443fce4584b9451a9d9054322a3c89277,9adc2e038ce2134f8e409c70810704c8eb9a9fed953ebedfc70a711dccf0859f,54018720,450156,450156,"[427, 525, 0]",48.70361328125,15.044623374938965
sha256:4af389a376c8af830e8af0f9fc58172c2162170ed82ea1ee68afeb987def09b3,NULL,unverifiable,false,b675895862ac12a9cdab171e63f0c48443fce4584b9451a9d9054322a3c89277,9adc2e038ce2134f8e409c70810704c8eb9a9fed953ebedfc70a711dccf0859f,54018840,450157,450157,"[427, 526, 0]",48.70411682128906,15.076266288757324
sha256:4af389a376c8af830e8af0f9fc58172c2162170ed82ea1ee68afeb987def09b3,NULL,unverifiable,false,b675895862ac12a9cdab171e63f0c48443fce4584b9451a9d9054322a3c89277,9adc2e038ce2134f8e409c70810704c8eb9a9fed953ebedfc70a711dccf0859f,54018960,450158,450158,"[427, 527, 0]",48.704620361328125,15.10791015625
sha256:4af389a376c8af830e8af0f9fc58172c2162170ed82ea1ee68afeb987def09b3,NULL,unverifiable,false,b675895862ac12a9cdab171e63f0c48443fce4584b9451a9d9054322a3c89277,9adc2e038ce2134f8e409c70810704c8eb9a9fed953ebedfc70a711dccf0859f,54019080,450159,450159,"[427, 528, 0]",48.70511245727539,15.139554023742676
sha256:4af389a376c8af830e8af0f9fc58172c2162170ed82ea1ee68afeb987def09b3,NULL,unverifiable,false,b675895862ac12a9cdab171e63f0c48443fce4584b9451a9d9054322a3c89277,9adc2e038ce2134f8e409c70810704c8eb9a9fed953ebedfc70a711dccf0859f,54019200,450160,450160,"[427, 529, 0]",48.70559310913086,15.171198844909668
sha256:4af389a376c8af830e8af0f9fc58172c2162170ed82ea1ee68afeb987def09b3,NULL,unverifiable,false,b675895862ac12a9cdab171e63f0c48443fce4584b9451a9d9054322a3c89277,9adc2e038ce2134f8e409c70810704c8eb9a9fed953ebedfc70a711dccf0859f,54019320,450161,450161,"[427, 530, 0]",48.706085205078125,15.20284366607666
sha256:4af389a376c8af830e8af0f9fc58172c2162170ed82ea1ee68afeb987def09b3,NULL,unverifiable,false,b675895862ac12a9cdab171e63f0c48443fce4584b9451a9d9054322a3c89277,9adc2e038ce2134f8e409c70810704c8eb9a9fed953ebedfc70a711dccf0859f,54019440,450162,450162,"[427, 531, 0]",48.70655059814453,15.234489440917969
sha256:4af389a376c8af830e8af0f9fc58172c2162170ed82ea1ee68afeb987def09b3,NULL,unverifiable,false,b675895862ac12a9cdab171e63f0c48443fce4584b9451a9d9054322a3c89277,9adc2e038ce2134f8e409c70810704c8eb9a9fed953ebedfc70a711dccf0859f,54019560,450163,450163,"[427, 532, 0]",48.707000732421875,15.266135215759277
