logical_index,point_index,parent_point_index,axis0,axis1,lat,lon,value
0,0,0,0,0,89.94727325439453,0.0,-999.0
1,1,1,0,1,89.94727325439453,18.0,-999.0
2,2,2,0,2,89.94727325439453,36.0,-999.0
3,3,3,0,3,89.94727325439453,54.0,-999.0
4,4,4,0,4,89.94727325439453,72.0,-999.0
5,5,5,0,5,89.94727325439453,90.0,-999.0
6,6,6,0,6,89.94727325439453,108.0,-999.0
7,7,7,0,7,89.94727325439453,126.0,-999.0
8,8,8,0,8,89.94727325439453,144.0,-999.0
9,9,9,0,9,89.94727325439453,162.0,-999.0
10,10,10,0,10,89.94727325439453,-180.0,-999.0
11,11,11,0,11,89.94727325439453,-162.0,-999.0
12,12,12,0,12,89.94727325439453,-144.0,-999.0
13,13,13,0,13,89.94727325439453,-126.0,-999.0
14,14,14,0,14,89.94727325439453,-108.0,-999.0
15,15,15,0,15,89.94727325439453,-90.0,-999.0
16,16,16,0,16,89.94727325439453,-72.0,-999.0
17,17,17,0,17,89.94727325439453,-54.0,-999.0
18,18,18,0,18,89.94727325439453,-36.0,-999.0
19,19,19,0,19,89.94727325439453,-18.0,-999.0
