logical_index,point_index,parent_point_index,axis0,axis1,axis2,valid_time,lat,lon,value
1663119360,3299840,3299840,0,3299840,0,2016-12-22 00:00:00,-0.035149384289979935,0.0,NULL
1663119361,3299840,3299840,0,3299840,1,2016-12-22 01:00:00,-0.035149384289979935,0.0,NULL
1663119362,3299840,3299840,0,3299840,2,2016-12-22 02:00:00,-0.035149384289979935,0.0,NULL
1663119363,3299840,3299840,0,3299840,3,2016-12-22 03:00:00,-0.035149384289979935,0.0,NULL
1663119364,3299840,3299840,0,3299840,4,2016-12-22 04:00:00,-0.035149384289979935,0.0,NULL
1663119365,3299840,3299840,0,3299840,5,2016-12-22 05:00:00,-0.035149384289979935,0.0,NULL
1663119366,3299840,3299840,0,3299840,6,2016-12-22 06:00:00,-0.035149384289979935,0.0,NULL
1663119367,3299840,3299840,0,3299840,7,2016-12-22 07:00:00,-0.035149384289979935,0.0,NULL
1663119368,3299840,3299840,0,3299840,8,2016-12-22 08:00:00,-0.035149384289979935,0.0,NULL
1663119369,3299840,3299840,0,3299840,9,2016-12-22 09:00:00,-0.035149384289979935,0.0,NULL
1663119370,3299840,3299840,0,3299840,10,2016-12-22 10:00:00,-0.035149384289979935,0.0,NULL
1663119371,3299840,3299840,0,3299840,11,2016-12-22 11:00:00,-0.035149384289979935,0.0,NULL
1663119372,3299840,3299840,0,3299840,12,2016-12-22 12:00:00,-0.035149384289979935,0.0,NULL
1663119373,3299840,3299840,0,3299840,13,2016-12-22 13:00:00,-0.035149384289979935,0.0,NULL
1663119374,3299840,3299840,0,3299840,14,2016-12-22 14:00:00,-0.035149384289979935,0.0,NULL
1663119375,3299840,3299840,0,3299840,15,2016-12-22 15:00:00,-0.035149384289979935,0.0,NULL
1663119376,3299840,3299840,0,3299840,16,2016-12-22 16:00:00,-0.035149384289979935,0.0,NULL
1663119377,3299840,3299840,0,3299840,17,2016-12-22 17:00:00,-0.035149384289979935,0.0,NULL
1663119378,3299840,3299840,0,3299840,18,2016-12-22 18:00:00,-0.035149384289979935,0.0,NULL
1663119379,3299840,3299840,0,3299840,19,2016-12-22 19:00:00,-0.035149384289979935,0.0,NULL
1663119380,3299840,3299840,0,3299840,20,2016-12-22 20:00:00,-0.035149384289979935,0.0,NULL
1663119381,3299840,3299840,0,3299840,21,2016-12-22 21:00:00,-0.035149384289979935,0.0,NULL
1663119382,3299840,3299840,0,3299840,22,2016-12-22 22:00:00,-0.035149384289979935,0.0,NULL
1663119383,3299840,3299840,0,3299840,23,2016-12-22 23:00:00,-0.035149384289979935,0.0,NULL
1663119384,3299840,3299840,0,3299840,24,2016-12-23 00:00:00,-0.035149384289979935,0.0,NULL
1663119385,3299840,3299840,0,3299840,25,2016-12-23 01:00:00,-0.035149384289979935,0.0,NULL
1663119386,3299840,3299840,0,3299840,26,2016-12-23 02:00:00,-0.035149384289979935,0.0,NULL
1663119387,3299840,3299840,0,3299840,27,2016-12-23 03:00:00,-0.035149384289979935,0.0,NULL
1663119388,3299840,3299840,0,3299840,28,2016-12-23 04:00:00,-0.035149384289979935,0.0,NULL
1663119389,3299840,3299840,0,3299840,29,2016-12-23 05:00:00,-0.035149384289979935,0.0,NULL
1663119390,3299840,3299840,0,3299840,30,2016-12-23 06:00:00,-0.035149384289979935,0.0,NULL
1663119391,3299840,3299840,0,3299840,31,2016-12-23 07:00:00,-0.035149384289979935,0.0,NULL
1663119392,3299840,3299840,0,3299840,32,2016-12-23 08:00:00,-0.035149384289979935,0.0,NULL
1663119393,3299840,3299840,0,3299840,33,2016-12-23 09:00:00,-0.035149384289979935,0.0,NULL
1663119394,3299840,3299840,0,3299840,34,2016-12-23 10:00:00,-0.035149384289979935,0.0,NULL
1663119395,3299840,3299840,0,3299840,35,2016-12-23 11:00:00,-0.035149384289979935,0.0,NULL
1663119396,3299840,3299840,0,3299840,36,2016-12-23 12:00:00,-0.035149384289979935,0.0,NULL
1663119397,3299840,3299840,0,3299840,37,2016-12-23 13:00:00,-0.035149384289979935,0.0,NULL
1663119398,3299840,3299840,0,3299840,38,2016-12-23 14:00:00,-0.035149384289979935,0.0,NULL
1663119399,3299840,3299840,0,3299840,39,2016-12-23 15:00:00,-0.035149384289979935,0.0,NULL
1663119400,3299840,3299840,0,3299840,40,2016-12-23 16:00:00,-0.035149384289979935,0.0,NULL
1663119401,3299840,3299840,0,3299840,41,2016-12-23 17:00:00,-0.035149384289979935,0.0,NULL
1663119402,3299840,3299840,0,3299840,42,2016-12-23 18:00:00,-0.035149384289979935,0.0,NULL
1663119403,3299840,3299840,0,3299840,43,2016-12-23 19:00:00,-0.035149384289979935,0.0,NULL
1663119404,3299840,3299840,0,3299840,44,2016-12-23 20:00:00,-0.035149384289979935,0.0,NULL
1663119405,3299840,3299840,0,3299840,45,2016-12-23 21:00:00,-0.035149384289979935,0.0,NULL
1663119406,3299840,3299840,0,3299840,46,2016-12-23 22:00:00,-0.035149384289979935,0.0,NULL
1663119407,3299840,3299840,0,3299840,47,2016-12-23 23:00:00,-0.035149384289979935,0.0,NULL
1663119408,3299840,3299840,0,3299840,48,2016-12-24 00:00:00,-0.035149384289979935,0.0,NULL
1663119409,3299840,3299840,0,3299840,49,2016-12-24 01:00:00,-0.035149384289979935,0.0,NULL
1663119410,3299840,3299840,0,3299840,50,2016-12-24 02:00:00,-0.035149384289979935,0.0,NULL
1663119411,3299840,3299840,0,3299840,51,2016-12-24 03:00:00,-0.035149384289979935,0.0,NULL
1663119412,3299840,3299840,0,3299840,52,2016-12-24 04:00:00,-0.035149384289979935,0.0,NULL
1663119413,3299840,3299840,0,3299840,53,2016-12-24 05:00:00,-0.035149384289979935,0.0,NULL
1663119414,3299840,3299840,0,3299840,54,2016-12-24 06:00:00,-0.035149384289979935,0.0,NULL
1663119415,3299840,3299840,0,3299840,55,2016-12-24 07:00:00,-0.035149384289979935,0.0,NULL
1663119416,3299840,3299840,0,3299840,56,2016-12-24 08:00:00,-0.035149384289979935,0.0,NULL
1663119417,3299840,3299840,0,3299840,57,2016-12-24 09:00:00,-0.035149384289979935,0.0,NULL
1663119418,3299840,3299840,0,3299840,58,2016-12-24 10:00:00,-0.035149384289979935,0.0,NULL
1663119419,3299840,3299840,0,3299840,59,2016-12-24 11:00:00,-0.035149384289979935,0.0,NULL
1663119420,3299840,3299840,0,3299840,60,2016-12-24 12:00:00,-0.035149384289979935,0.0,NULL
1663119421,3299840,3299840,0,3299840,61,2016-12-24 13:00:00,-0.035149384289979935,0.0,NULL
1663119422,3299840,3299840,0,3299840,62,2016-12-24 14:00:00,-0.035149384289979935,0.0,NULL
1663119423,3299840,3299840,0,3299840,63,2016-12-24 15:00:00,-0.035149384289979935,0.0,NULL
1663119424,3299840,3299840,0,3299840,64,2016-12-24 16:00:00,-0.035149384289979935,0.0,NULL
1663119425,3299840,3299840,0,3299840,65,2016-12-24 17:00:00,-0.035149384289979935,0.0,NULL
1663119426,3299840,3299840,0,3299840,66,2016-12-24 18:00:00,-0.035149384289979935,0.0,NULL
1663119427,3299840,3299840,0,3299840,67,2016-12-24 19:00:00,-0.035149384289979935,0.0,NULL
1663119428,3299840,3299840,0,3299840,68,2016-12-24 20:00:00,-0.035149384289979935,0.0,NULL
1663119429,3299840,3299840,0,3299840,69,2016-12-24 21:00:00,-0.035149384289979935,0.0,NULL
1663119430,3299840,3299840,0,3299840,70,2016-12-24 22:00:00,-0.035149384289979935,0.0,NULL
1663119431,3299840,3299840,0,3299840,71,2016-12-24 23:00:00,-0.035149384289979935,0.0,NULL
1663119432,3299840,3299840,0,3299840,72,2016-12-25 00:00:00,-0.035149384289979935,0.0,NULL
1663119433,3299840,3299840,0,3299840,73,2016-12-25 01:00:00,-0.035149384289979935,0.0,NULL
1663119434,3299840,3299840,0,3299840,74,2016-12-25 02:00:00,-0.035149384289979935,0.0,NULL
1663119435,3299840,3299840,0,3299840,75,2016-12-25 03:00:00,-0.035149384289979935,0.0,NULL
1663119436,3299840,3299840,0,3299840,76,2016-12-25 04:00:00,-0.035149384289979935,0.0,NULL
1663119437,3299840,3299840,0,3299840,77,2016-12-25 05:00:00,-0.035149384289979935,0.0,NULL
1663119438,3299840,3299840,0,3299840,78,2016-12-25 06:00:00,-0.035149384289979935,0.0,NULL
1663119439,3299840,3299840,0,3299840,79,2016-12-25 07:00:00,-0.035149384289979935,0.0,NULL
1663119440,3299840,3299840,0,3299840,80,2016-12-25 08:00:00,-0.035149384289979935,0.0,NULL
1663119441,3299840,3299840,0,3299840,81,2016-12-25 09:00:00,-0.035149384289979935,0.0,NULL
1663119442,3299840,3299840,0,3299840,82,2016-12-25 10:00:00,-0.035149384289979935,0.0,NULL
1663119443,3299840,3299840,0,3299840,83,2016-12-25 11:00:00,-0.035149384289979935,0.0,NULL
1663119444,3299840,3299840,0,3299840,84,2016-12-25 12:00:00,-0.035149384289979935,0.0,NULL
1663119445,3299840,3299840,0,3299840,85,2016-12-25 13:00:00,-0.035149384289979935,0.0,NULL
1663119446,3299840,3299840,0,3299840,86,2016-12-25 14:00:00,-0.035149384289979935,0.0,NULL
1663119447,3299840,3299840,0,3299840,87,2016-12-25 15:00:00,-0.035149384289979935,0.0,NULL
1663119448,3299840,3299840,0,3299840,88,2016-12-25 16:00:00,-0.035149384289979935,0.0,NULL
1663119449,3299840,3299840,0,3299840,89,2016-12-25 17:00:00,-0.035149384289979935,0.0,NULL
1663119450,3299840,3299840,0,3299840,90,2016-12-25 18:00:00,-0.035149384289979935,0.0,NULL
1663119451,3299840,3299840,0,3299840,91,2016-12-25 19:00:00,-0.035149384289979935,0.0,NULL
1663119452,3299840,3299840,0,3299840,92,2016-12-25 20:00:00,-0.035149384289979935,0.0,NULL
1663119453,3299840,3299840,0,3299840,93,2016-12-25 21:00:00,-0.035149384289979935,0.0,NULL
1663119454,3299840,3299840,0,3299840,94,2016-12-25 22:00:00,-0.035149384289979935,0.0,NULL
1663119455,3299840,3299840,0,3299840,95,2016-12-25 23:00:00,-0.035149384289979935,0.0,NULL
1663119456,3299840,3299840,0,3299840,96,2016-12-26 00:00:00,-0.035149384289979935,0.0,NULL
1663119457,3299840,3299840,0,3299840,97,2016-12-26 01:00:00,-0.035149384289979935,0.0,NULL
1663119458,3299840,3299840,0,3299840,98,2016-12-26 02:00:00,-0.035149384289979935,0.0,NULL
1663119459,3299840,3299840,0,3299840,99,2016-12-26 03:00:00,-0.035149384289979935,0.0,NULL
1663119460,3299840,3299840,0,3299840,100,2016-12-26 04:00:00,-0.035149384289979935,0.0,NULL
1663119461,3299840,3299840,0,3299840,101,2016-12-26 05:00:00,-0.035149384289979935,0.0,NULL
1663119462,3299840,3299840,0,3299840,102,2016-12-26 06:00:00,-0.035149384289979935,0.0,NULL
1663119463,3299840,3299840,0,3299840,103,2016-12-26 07:00:00,-0.035149384289979935,0.0,NULL
1663119464,3299840,3299840,0,3299840,104,2016-12-26 08:00:00,-0.035149384289979935,0.0,NULL
1663119465,3299840,3299840,0,3299840,105,2016-12-26 09:00:00,-0.035149384289979935,0.0,NULL
1663119466,3299840,3299840,0,3299840,106,2016-12-26 10:00:00,-0.035149384289979935,0.0,NULL
1663119467,3299840,3299840,0,3299840,107,2016-12-26 11:00:00,-0.035149384289979935,0.0,NULL
1663119468,3299840,3299840,0,3299840,108,2016-12-26 12:00:00,-0.035149384289979935,0.0,NULL
1663119469,3299840,3299840,0,3299840,109,2016-12-26 13:00:00,-0.035149384289979935,0.0,NULL
1663119470,3299840,3299840,0,3299840,110,2016-12-26 14:00:00,-0.035149384289979935,0.0,NULL
1663119471,3299840,3299840,0,3299840,111,2016-12-26 15:00:00,-0.035149384289979935,0.0,NULL
1663119472,3299840,3299840,0,3299840,112,2016-12-26 16:00:00,-0.035149384289979935,0.0,NULL
1663119473,3299840,3299840,0,3299840,113,2016-12-26 17:00:00,-0.035149384289979935,0.0,NULL
1663119474,3299840,3299840,0,3299840,114,2016-12-26 18:00:00,-0.035149384289979935,0.0,NULL
1663119475,3299840,3299840,0,3299840,115,2016-12-26 19:00:00,-0.035149384289979935,0.0,NULL
1663119476,3299840,3299840,0,3299840,116,2016-12-26 20:00:00,-0.035149384289979935,0.0,NULL
1663119477,3299840,3299840,0,3299840,117,2016-12-26 21:00:00,-0.035149384289979935,0.0,NULL
1663119478,3299840,3299840,0,3299840,118,2016-12-26 22:00:00,-0.035149384289979935,0.0,NULL
1663119479,3299840,3299840,0,3299840,119,2016-12-26 23:00:00,-0.035149384289979935,0.0,NULL
1663119480,3299840,3299840,0,3299840,120,2016-12-27 00:00:00,-0.035149384289979935,0.0,NULL
1663119481,3299840,3299840,0,3299840,121,2016-12-27 01:00:00,-0.035149384289979935,0.0,NULL
1663119482,3299840,3299840,0,3299840,122,2016-12-27 02:00:00,-0.035149384289979935,0.0,NULL
1663119483,3299840,3299840,0,3299840,123,2016-12-27 03:00:00,-0.035149384289979935,0.0,NULL
1663119484,3299840,3299840,0,3299840,124,2016-12-27 04:00:00,-0.035149384289979935,0.0,NULL
1663119485,3299840,3299840,0,3299840,125,2016-12-27 05:00:00,-0.035149384289979935,0.0,NULL
1663119486,3299840,3299840,0,3299840,126,2016-12-27 06:00:00,-0.035149384289979935,0.0,NULL
1663119487,3299840,3299840,0,3299840,127,2016-12-27 07:00:00,-0.035149384289979935,0.0,NULL
1663119488,3299840,3299840,0,3299840,128,2016-12-27 08:00:00,-0.035149384289979935,0.0,NULL
1663119489,3299840,3299840,0,3299840,129,2016-12-27 09:00:00,-0.035149384289979935,0.0,NULL
1663119490,3299840,3299840,0,3299840,130,2016-12-27 10:00:00,-0.035149384289979935,0.0,NULL
1663119491,3299840,3299840,0,3299840,131,2016-12-27 11:00:00,-0.035149384289979935,0.0,NULL
1663119492,3299840,3299840,0,3299840,132,2016-12-27 12:00:00,-0.035149384289979935,0.0,NULL
1663119493,3299840,3299840,0,3299840,133,2016-12-27 13:00:00,-0.035149384289979935,0.0,NULL
1663119494,3299840,3299840,0,3299840,134,2016-12-27 14:00:00,-0.035149384289979935,0.0,NULL
1663119495,3299840,3299840,0,3299840,135,2016-12-27 15:00:00,-0.035149384289979935,0.0,NULL
1663119496,3299840,3299840,0,3299840,136,2016-12-27 16:00:00,-0.035149384289979935,0.0,NULL
1663119497,3299840,3299840,0,3299840,137,2016-12-27 17:00:00,-0.035149384289979935,0.0,NULL
1663119498,3299840,3299840,0,3299840,138,2016-12-27 18:00:00,-0.035149384289979935,0.0,NULL
1663119499,3299840,3299840,0,3299840,139,2016-12-27 19:00:00,-0.035149384289979935,0.0,NULL
1663119500,3299840,3299840,0,3299840,140,2016-12-27 20:00:00,-0.035149384289979935,0.0,NULL
1663119501,3299840,3299840,0,3299840,141,2016-12-27 21:00:00,-0.035149384289979935,0.0,NULL
1663119502,3299840,3299840,0,3299840,142,2016-12-27 22:00:00,-0.035149384289979935,0.0,NULL
1663119503,3299840,3299840,0,3299840,143,2016-12-27 23:00:00,-0.035149384289979935,0.0,NULL
1663119504,3299840,3299840,0,3299840,144,2016-12-28 00:00:00,-0.035149384289979935,0.0,NULL
1663119505,3299840,3299840,0,3299840,145,2016-12-28 01:00:00,-0.035149384289979935,0.0,NULL
1663119506,3299840,3299840,0,3299840,146,2016-12-28 02:00:00,-0.035149384289979935,0.0,NULL
1663119507,3299840,3299840,0,3299840,147,2016-12-28 03:00:00,-0.035149384289979935,0.0,NULL
1663119508,3299840,3299840,0,3299840,148,2016-12-28 04:00:00,-0.035149384289979935,0.0,NULL
1663119509,3299840,3299840,0,3299840,149,2016-12-28 05:00:00,-0.035149384289979935,0.0,NULL
1663119510,3299840,3299840,0,3299840,150,2016-12-28 06:00:00,-0.035149384289979935,0.0,NULL
1663119511,3299840,3299840,0,3299840,151,2016-12-28 07:00:00,-0.035149384289979935,0.0,NULL
1663119512,3299840,3299840,0,3299840,152,2016-12-28 08:00:00,-0.035149384289979935,0.0,NULL
1663119513,3299840,3299840,0,3299840,153,2016-12-28 09:00:00,-0.035149384289979935,0.0,NULL
1663119514,3299840,3299840,0,3299840,154,2016-12-28 10:00:00,-0.035149384289979935,0.0,NULL
1663119515,3299840,3299840,0,3299840,155,2016-12-28 11:00:00,-0.035149384289979935,0.0,NULL
1663119516,3299840,3299840,0,3299840,156,2016-12-28 12:00:00,-0.035149384289979935,0.0,NULL
1663119517,3299840,3299840,0,3299840,157,2016-12-28 13:00:00,-0.035149384289979935,0.0,NULL
1663119518,3299840,3299840,0,3299840,158,2016-12-28 14:00:00,-0.035149384289979935,0.0,NULL
1663119519,3299840,3299840,0,3299840,159,2016-12-28 15:00:00,-0.035149384289979935,0.0,NULL
1663119520,3299840,3299840,0,3299840,160,2016-12-28 16:00:00,-0.035149384289979935,0.0,NULL
1663119521,3299840,3299840,0,3299840,161,2016-12-28 17:00:00,-0.035149384289979935,0.0,NULL
1663119522,3299840,3299840,0,3299840,162,2016-12-28 18:00:00,-0.035149384289979935,0.0,NULL
1663119523,3299840,3299840,0,3299840,163,2016-12-28 19:00:00,-0.035149384289979935,0.0,NULL
1663119524,3299840,3299840,0,3299840,164,2016-12-28 20:00:00,-0.035149384289979935,0.0,NULL
1663119525,3299840,3299840,0,3299840,165,2016-12-28 21:00:00,-0.035149384289979935,0.0,NULL
1663119526,3299840,3299840,0,3299840,166,2016-12-28 22:00:00,-0.035149384289979935,0.0,NULL
1663119527,3299840,3299840,0,3299840,167,2016-12-28 23:00:00,-0.035149384289979935,0.0,NULL
1663119528,3299840,3299840,0,3299840,168,2016-12-29 00:00:00,-0.035149384289979935,0.0,NULL
1663119529,3299840,3299840,0,3299840,169,2016-12-29 01:00:00,-0.035149384289979935,0.0,NULL
1663119530,3299840,3299840,0,3299840,170,2016-12-29 02:00:00,-0.035149384289979935,0.0,NULL
1663119531,3299840,3299840,0,3299840,171,2016-12-29 03:00:00,-0.035149384289979935,0.0,NULL
1663119532,3299840,3299840,0,3299840,172,2016-12-29 04:00:00,-0.035149384289979935,0.0,NULL
1663119533,3299840,3299840,0,3299840,173,2016-12-29 05:00:00,-0.035149384289979935,0.0,NULL
1663119534,3299840,3299840,0,3299840,174,2016-12-29 06:00:00,-0.035149384289979935,0.0,NULL
1663119535,3299840,3299840,0,3299840,175,2016-12-29 07:00:00,-0.035149384289979935,0.0,NULL
1663119536,3299840,3299840,0,3299840,176,2016-12-29 08:00:00,-0.035149384289979935,0.0,NULL
1663119537,3299840,3299840,0,3299840,177,2016-12-29 09:00:00,-0.035149384289979935,0.0,NULL
1663119538,3299840,3299840,0,3299840,178,2016-12-29 10:00:00,-0.035149384289979935,0.0,NULL
1663119539,3299840,3299840,0,3299840,179,2016-12-29 11:00:00,-0.035149384289979935,0.0,NULL
1663119540,3299840,3299840,0,3299840,180,2016-12-29 12:00:00,-0.035149384289979935,0.0,NULL
1663119541,3299840,3299840,0,3299840,181,2016-12-29 13:00:00,-0.035149384289979935,0.0,NULL
1663119542,3299840,3299840,0,3299840,182,2016-12-29 14:00:00,-0.035149384289979935,0.0,NULL
1663119543,3299840,3299840,0,3299840,183,2016-12-29 15:00:00,-0.035149384289979935,0.0,NULL
1663119544,3299840,3299840,0,3299840,184,2016-12-29 16:00:00,-0.035149384289979935,0.0,NULL
1663119545,3299840,3299840,0,3299840,185,2016-12-29 17:00:00,-0.035149384289979935,0.0,NULL
1663119546,3299840,3299840,0,3299840,186,2016-12-29 18:00:00,-0.035149384289979935,0.0,NULL
1663119547,3299840,3299840,0,3299840,187,2016-12-29 19:00:00,-0.035149384289979935,0.0,NULL
1663119548,3299840,3299840,0,3299840,188,2016-12-29 20:00:00,-0.035149384289979935,0.0,NULL
1663119549,3299840,3299840,0,3299840,189,2016-12-29 21:00:00,-0.035149384289979935,0.0,NULL
1663119550,3299840,3299840,0,3299840,190,2016-12-29 22:00:00,-0.035149384289979935,0.0,NULL
1663119551,3299840,3299840,0,3299840,191,2016-12-29 23:00:00,-0.035149384289979935,0.0,NULL
1663119552,3299840,3299840,0,3299840,192,2016-12-30 00:00:00,-0.035149384289979935,0.0,NULL
1663119553,3299840,3299840,0,3299840,193,2016-12-30 01:00:00,-0.035149384289979935,0.0,NULL
1663119554,3299840,3299840,0,3299840,194,2016-12-30 02:00:00,-0.035149384289979935,0.0,NULL
1663119555,3299840,3299840,0,3299840,195,2016-12-30 03:00:00,-0.035149384289979935,0.0,NULL
1663119556,3299840,3299840,0,3299840,196,2016-12-30 04:00:00,-0.035149384289979935,0.0,NULL
1663119557,3299840,3299840,0,3299840,197,2016-12-30 05:00:00,-0.035149384289979935,0.0,NULL
1663119558,3299840,3299840,0,3299840,198,2016-12-30 06:00:00,-0.035149384289979935,0.0,NULL
1663119559,3299840,3299840,0,3299840,199,2016-12-30 07:00:00,-0.035149384289979935,0.0,NULL
1663119560,3299840,3299840,0,3299840,200,2016-12-30 08:00:00,-0.035149384289979935,0.0,NULL
1663119561,3299840,3299840,0,3299840,201,2016-12-30 09:00:00,-0.035149384289979935,0.0,NULL
1663119562,3299840,3299840,0,3299840,202,2016-12-30 10:00:00,-0.035149384289979935,0.0,NULL
1663119563,3299840,3299840,0,3299840,203,2016-12-30 11:00:00,-0.035149384289979935,0.0,NULL
1663119564,3299840,3299840,0,3299840,204,2016-12-30 12:00:00,-0.035149384289979935,0.0,NULL
1663119565,3299840,3299840,0,3299840,205,2016-12-30 13:00:00,-0.035149384289979935,0.0,NULL
1663119566,3299840,3299840,0,3299840,206,2016-12-30 14:00:00,-0.035149384289979935,0.0,NULL
1663119567,3299840,3299840,0,3299840,207,2016-12-30 15:00:00,-0.035149384289979935,0.0,NULL
1663119568,3299840,3299840,0,3299840,208,2016-12-30 16:00:00,-0.035149384289979935,0.0,NULL
1663119569,3299840,3299840,0,3299840,209,2016-12-30 17:00:00,-0.035149384289979935,0.0,NULL
1663119570,3299840,3299840,0,3299840,210,2016-12-30 18:00:00,-0.035149384289979935,0.0,NULL
1663119571,3299840,3299840,0,3299840,211,2016-12-30 19:00:00,-0.035149384289979935,0.0,NULL
1663119572,3299840,3299840,0,3299840,212,2016-12-30 20:00:00,-0.035149384289979935,0.0,NULL
1663119573,3299840,3299840,0,3299840,213,2016-12-30 21:00:00,-0.035149384289979935,0.0,NULL
1663119574,3299840,3299840,0,3299840,214,2016-12-30 22:00:00,-0.035149384289979935,0.0,NULL
1663119575,3299840,3299840,0,3299840,215,2016-12-30 23:00:00,-0.035149384289979935,0.0,NULL
1663119576,3299840,3299840,0,3299840,216,2016-12-31 00:00:00,-0.035149384289979935,0.0,NULL
1663119577,3299840,3299840,0,3299840,217,2016-12-31 01:00:00,-0.035149384289979935,0.0,26.25
1663119578,3299840,3299840,0,3299840,218,2016-12-31 02:00:00,-0.035149384289979935,0.0,26.25
1663119579,3299840,3299840,0,3299840,219,2016-12-31 03:00:00,-0.035149384289979935,0.0,26.3
1663119580,3299840,3299840,0,3299840,220,2016-12-31 04:00:00,-0.035149384289979935,0.0,26.4
1663119581,3299840,3299840,0,3299840,221,2016-12-31 05:00:00,-0.035149384289979935,0.0,26.4
1663119582,3299840,3299840,0,3299840,222,2016-12-31 06:00:00,-0.035149384289979935,0.0,26.45
1663119583,3299840,3299840,0,3299840,223,2016-12-31 07:00:00,-0.035149384289979935,0.0,26.55
1663119584,3299840,3299840,0,3299840,224,2016-12-31 08:00:00,-0.035149384289979935,0.0,26.65
1663119585,3299840,3299840,0,3299840,225,2016-12-31 09:00:00,-0.035149384289979935,0.0,26.8
1663119586,3299840,3299840,0,3299840,226,2016-12-31 10:00:00,-0.035149384289979935,0.0,26.85
1663119587,3299840,3299840,0,3299840,227,2016-12-31 11:00:00,-0.035149384289979935,0.0,26.8
1663119588,3299840,3299840,0,3299840,228,2016-12-31 12:00:00,-0.035149384289979935,0.0,26.8
1663119589,3299840,3299840,0,3299840,229,2016-12-31 13:00:00,-0.035149384289979935,0.0,26.8
1663119590,3299840,3299840,0,3299840,230,2016-12-31 14:00:00,-0.035149384289979935,0.0,26.85
1663119591,3299840,3299840,0,3299840,231,2016-12-31 15:00:00,-0.035149384289979935,0.0,26.8
1663119592,3299840,3299840,0,3299840,232,2016-12-31 16:00:00,-0.035149384289979935,0.0,26.85
1663119593,3299840,3299840,0,3299840,233,2016-12-31 17:00:00,-0.035149384289979935,0.0,25.9
1663119594,3299840,3299840,0,3299840,234,2016-12-31 18:00:00,-0.035149384289979935,0.0,26.4
1663119595,3299840,3299840,0,3299840,235,2016-12-31 19:00:00,-0.035149384289979935,0.0,26.4
1663119596,3299840,3299840,0,3299840,236,2016-12-31 20:00:00,-0.035149384289979935,0.0,26.35
1663119597,3299840,3299840,0,3299840,237,2016-12-31 21:00:00,-0.035149384289979935,0.0,26.55
1663119598,3299840,3299840,0,3299840,238,2016-12-31 22:00:00,-0.035149384289979935,0.0,26.0
1663119599,3299840,3299840,0,3299840,239,2016-12-31 23:00:00,-0.035149384289979935,0.0,26.1
1663119600,3299840,3299840,0,3299840,240,2017-01-01 00:00:00,-0.035149384289979935,0.0,26.4
1663119601,3299840,3299840,0,3299840,241,2017-01-01 01:00:00,-0.035149384289979935,0.0,26.5
1663119602,3299840,3299840,0,3299840,242,2017-01-01 02:00:00,-0.035149384289979935,0.0,26.55
1663119603,3299840,3299840,0,3299840,243,2017-01-01 03:00:00,-0.035149384289979935,0.0,26.5
1663119604,3299840,3299840,0,3299840,244,2017-01-01 04:00:00,-0.035149384289979935,0.0,26.7
1663119605,3299840,3299840,0,3299840,245,2017-01-01 05:00:00,-0.035149384289979935,0.0,26.5
1663119606,3299840,3299840,0,3299840,246,2017-01-01 06:00:00,-0.035149384289979935,0.0,25.4
1663119607,3299840,3299840,0,3299840,247,2017-01-01 07:00:00,-0.035149384289979935,0.0,25.7
1663119608,3299840,3299840,0,3299840,248,2017-01-01 08:00:00,-0.035149384289979935,0.0,26.05
1663119609,3299840,3299840,0,3299840,249,2017-01-01 09:00:00,-0.035149384289979935,0.0,26.35
1663119610,3299840,3299840,0,3299840,250,2017-01-01 10:00:00,-0.035149384289979935,0.0,26.65
1663119611,3299840,3299840,0,3299840,251,2017-01-01 11:00:00,-0.035149384289979935,0.0,26.75
1663119612,3299840,3299840,0,3299840,252,2017-01-01 12:00:00,-0.035149384289979935,0.0,26.35
1663119613,3299840,3299840,0,3299840,253,2017-01-01 13:00:00,-0.035149384289979935,0.0,26.75
1663119614,3299840,3299840,0,3299840,254,2017-01-01 14:00:00,-0.035149384289979935,0.0,26.2
1663119615,3299840,3299840,0,3299840,255,2017-01-01 15:00:00,-0.035149384289979935,0.0,26.4
1663119616,3299840,3299840,0,3299840,256,2017-01-01 16:00:00,-0.035149384289979935,0.0,26.75
1663119617,3299840,3299840,0,3299840,257,2017-01-01 17:00:00,-0.035149384289979935,0.0,27.0
1663119618,3299840,3299840,0,3299840,258,2017-01-01 18:00:00,-0.035149384289979935,0.0,26.9
1663119619,3299840,3299840,0,3299840,259,2017-01-01 19:00:00,-0.035149384289979935,0.0,26.85
1663119620,3299840,3299840,0,3299840,260,2017-01-01 20:00:00,-0.035149384289979935,0.0,26.85
1663119621,3299840,3299840,0,3299840,261,2017-01-01 21:00:00,-0.035149384289979935,0.0,26.85
1663119622,3299840,3299840,0,3299840,262,2017-01-01 22:00:00,-0.035149384289979935,0.0,26.75
1663119623,3299840,3299840,0,3299840,263,2017-01-01 23:00:00,-0.035149384289979935,0.0,26.6
1663119624,3299840,3299840,0,3299840,264,2017-01-02 00:00:00,-0.035149384289979935,0.0,26.45
1663119625,3299840,3299840,0,3299840,265,2017-01-02 01:00:00,-0.035149384289979935,0.0,NULL
1663119626,3299840,3299840,0,3299840,266,2017-01-02 02:00:00,-0.035149384289979935,0.0,NULL
1663119627,3299840,3299840,0,3299840,267,2017-01-02 03:00:00,-0.035149384289979935,0.0,NULL
1663119628,3299840,3299840,0,3299840,268,2017-01-02 04:00:00,-0.035149384289979935,0.0,NULL
1663119629,3299840,3299840,0,3299840,269,2017-01-02 05:00:00,-0.035149384289979935,0.0,NULL
1663119630,3299840,3299840,0,3299840,270,2017-01-02 06:00:00,-0.035149384289979935,0.0,NULL
1663119631,3299840,3299840,0,3299840,271,2017-01-02 07:00:00,-0.035149384289979935,0.0,NULL
1663119632,3299840,3299840,0,3299840,272,2017-01-02 08:00:00,-0.035149384289979935,0.0,NULL
1663119633,3299840,3299840,0,3299840,273,2017-01-02 09:00:00,-0.035149384289979935,0.0,NULL
1663119634,3299840,3299840,0,3299840,274,2017-01-02 10:00:00,-0.035149384289979935,0.0,NULL
1663119635,3299840,3299840,0,3299840,275,2017-01-02 11:00:00,-0.035149384289979935,0.0,NULL
1663119636,3299840,3299840,0,3299840,276,2017-01-02 12:00:00,-0.035149384289979935,0.0,NULL
1663119637,3299840,3299840,0,3299840,277,2017-01-02 13:00:00,-0.035149384289979935,0.0,NULL
1663119638,3299840,3299840,0,3299840,278,2017-01-02 14:00:00,-0.035149384289979935,0.0,NULL
1663119639,3299840,3299840,0,3299840,279,2017-01-02 15:00:00,-0.035149384289979935,0.0,NULL
1663119640,3299840,3299840,0,3299840,280,2017-01-02 16:00:00,-0.035149384289979935,0.0,NULL
1663119641,3299840,3299840,0,3299840,281,2017-01-02 17:00:00,-0.035149384289979935,0.0,NULL
1663119642,3299840,3299840,0,3299840,282,2017-01-02 18:00:00,-0.035149384289979935,0.0,NULL
1663119643,3299840,3299840,0,3299840,283,2017-01-02 19:00:00,-0.035149384289979935,0.0,NULL
1663119644,3299840,3299840,0,3299840,284,2017-01-02 20:00:00,-0.035149384289979935,0.0,NULL
1663119645,3299840,3299840,0,3299840,285,2017-01-02 21:00:00,-0.035149384289979935,0.0,NULL
1663119646,3299840,3299840,0,3299840,286,2017-01-02 22:00:00,-0.035149384289979935,0.0,NULL
1663119647,3299840,3299840,0,3299840,287,2017-01-02 23:00:00,-0.035149384289979935,0.0,NULL
1663119648,3299840,3299840,0,3299840,288,2017-01-03 00:00:00,-0.035149384289979935,0.0,NULL
1663119649,3299840,3299840,0,3299840,289,2017-01-03 01:00:00,-0.035149384289979935,0.0,NULL
1663119650,3299840,3299840,0,3299840,290,2017-01-03 02:00:00,-0.035149384289979935,0.0,NULL
1663119651,3299840,3299840,0,3299840,291,2017-01-03 03:00:00,-0.035149384289979935,0.0,NULL
1663119652,3299840,3299840,0,3299840,292,2017-01-03 04:00:00,-0.035149384289979935,0.0,NULL
1663119653,3299840,3299840,0,3299840,293,2017-01-03 05:00:00,-0.035149384289979935,0.0,NULL
1663119654,3299840,3299840,0,3299840,294,2017-01-03 06:00:00,-0.035149384289979935,0.0,NULL
1663119655,3299840,3299840,0,3299840,295,2017-01-03 07:00:00,-0.035149384289979935,0.0,NULL
1663119656,3299840,3299840,0,3299840,296,2017-01-03 08:00:00,-0.035149384289979935,0.0,NULL
1663119657,3299840,3299840,0,3299840,297,2017-01-03 09:00:00,-0.035149384289979935,0.0,NULL
1663119658,3299840,3299840,0,3299840,298,2017-01-03 10:00:00,-0.035149384289979935,0.0,NULL
1663119659,3299840,3299840,0,3299840,299,2017-01-03 11:00:00,-0.035149384289979935,0.0,NULL
1663119660,3299840,3299840,0,3299840,300,2017-01-03 12:00:00,-0.035149384289979935,0.0,NULL
1663119661,3299840,3299840,0,3299840,301,2017-01-03 13:00:00,-0.035149384289979935,0.0,NULL
1663119662,3299840,3299840,0,3299840,302,2017-01-03 14:00:00,-0.035149384289979935,0.0,NULL
1663119663,3299840,3299840,0,3299840,303,2017-01-03 15:00:00,-0.035149384289979935,0.0,NULL
1663119664,3299840,3299840,0,3299840,304,2017-01-03 16:00:00,-0.035149384289979935,0.0,NULL
1663119665,3299840,3299840,0,3299840,305,2017-01-03 17:00:00,-0.035149384289979935,0.0,NULL
1663119666,3299840,3299840,0,3299840,306,2017-01-03 18:00:00,-0.035149384289979935,0.0,NULL
1663119667,3299840,3299840,0,3299840,307,2017-01-03 19:00:00,-0.035149384289979935,0.0,NULL
1663119668,3299840,3299840,0,3299840,308,2017-01-03 20:00:00,-0.035149384289979935,0.0,NULL
1663119669,3299840,3299840,0,3299840,309,2017-01-03 21:00:00,-0.035149384289979935,0.0,NULL
1663119670,3299840,3299840,0,3299840,310,2017-01-03 22:00:00,-0.035149384289979935,0.0,NULL
1663119671,3299840,3299840,0,3299840,311,2017-01-03 23:00:00,-0.035149384289979935,0.0,NULL
1663119672,3299840,3299840,0,3299840,312,2017-01-04 00:00:00,-0.035149384289979935,0.0,NULL
1663119673,3299840,3299840,0,3299840,313,2017-01-04 01:00:00,-0.035149384289979935,0.0,NULL
1663119674,3299840,3299840,0,3299840,314,2017-01-04 02:00:00,-0.035149384289979935,0.0,NULL
1663119675,3299840,3299840,0,3299840,315,2017-01-04 03:00:00,-0.035149384289979935,0.0,NULL
1663119676,3299840,3299840,0,3299840,316,2017-01-04 04:00:00,-0.035149384289979935,0.0,NULL
1663119677,3299840,3299840,0,3299840,317,2017-01-04 05:00:00,-0.035149384289979935,0.0,NULL
1663119678,3299840,3299840,0,3299840,318,2017-01-04 06:00:00,-0.035149384289979935,0.0,NULL
1663119679,3299840,3299840,0,3299840,319,2017-01-04 07:00:00,-0.035149384289979935,0.0,NULL
1663119680,3299840,3299840,0,3299840,320,2017-01-04 08:00:00,-0.035149384289979935,0.0,NULL
1663119681,3299840,3299840,0,3299840,321,2017-01-04 09:00:00,-0.035149384289979935,0.0,NULL
1663119682,3299840,3299840,0,3299840,322,2017-01-04 10:00:00,-0.035149384289979935,0.0,NULL
1663119683,3299840,3299840,0,3299840,323,2017-01-04 11:00:00,-0.035149384289979935,0.0,NULL
1663119684,3299840,3299840,0,3299840,324,2017-01-04 12:00:00,-0.035149384289979935,0.0,NULL
1663119685,3299840,3299840,0,3299840,325,2017-01-04 13:00:00,-0.035149384289979935,0.0,NULL
1663119686,3299840,3299840,0,3299840,326,2017-01-04 14:00:00,-0.035149384289979935,0.0,NULL
1663119687,3299840,3299840,0,3299840,327,2017-01-04 15:00:00,-0.035149384289979935,0.0,NULL
1663119688,3299840,3299840,0,3299840,328,2017-01-04 16:00:00,-0.035149384289979935,0.0,NULL
1663119689,3299840,3299840,0,3299840,329,2017-01-04 17:00:00,-0.035149384289979935,0.0,NULL
1663119690,3299840,3299840,0,3299840,330,2017-01-04 18:00:00,-0.035149384289979935,0.0,NULL
1663119691,3299840,3299840,0,3299840,331,2017-01-04 19:00:00,-0.035149384289979935,0.0,NULL
1663119692,3299840,3299840,0,3299840,332,2017-01-04 20:00:00,-0.035149384289979935,0.0,NULL
1663119693,3299840,3299840,0,3299840,333,2017-01-04 21:00:00,-0.035149384289979935,0.0,NULL
1663119694,3299840,3299840,0,3299840,334,2017-01-04 22:00:00,-0.035149384289979935,0.0,NULL
1663119695,3299840,3299840,0,3299840,335,2017-01-04 23:00:00,-0.035149384289979935,0.0,NULL
1663119696,3299840,3299840,0,3299840,336,2017-01-05 00:00:00,-0.035149384289979935,0.0,NULL
1663119697,3299840,3299840,0,3299840,337,2017-01-05 01:00:00,-0.035149384289979935,0.0,NULL
1663119698,3299840,3299840,0,3299840,338,2017-01-05 02:00:00,-0.035149384289979935,0.0,NULL
1663119699,3299840,3299840,0,3299840,339,2017-01-05 03:00:00,-0.035149384289979935,0.0,NULL
1663119700,3299840,3299840,0,3299840,340,2017-01-05 04:00:00,-0.035149384289979935,0.0,NULL
1663119701,3299840,3299840,0,3299840,341,2017-01-05 05:00:00,-0.035149384289979935,0.0,NULL
1663119702,3299840,3299840,0,3299840,342,2017-01-05 06:00:00,-0.035149384289979935,0.0,NULL
1663119703,3299840,3299840,0,3299840,343,2017-01-05 07:00:00,-0.035149384289979935,0.0,NULL
1663119704,3299840,3299840,0,3299840,344,2017-01-05 08:00:00,-0.035149384289979935,0.0,NULL
1663119705,3299840,3299840,0,3299840,345,2017-01-05 09:00:00,-0.035149384289979935,0.0,NULL
1663119706,3299840,3299840,0,3299840,346,2017-01-05 10:00:00,-0.035149384289979935,0.0,NULL
1663119707,3299840,3299840,0,3299840,347,2017-01-05 11:00:00,-0.035149384289979935,0.0,NULL
1663119708,3299840,3299840,0,3299840,348,2017-01-05 12:00:00,-0.035149384289979935,0.0,NULL
1663119709,3299840,3299840,0,3299840,349,2017-01-05 13:00:00,-0.035149384289979935,0.0,NULL
1663119710,3299840,3299840,0,3299840,350,2017-01-05 14:00:00,-0.035149384289979935,0.0,NULL
1663119711,3299840,3299840,0,3299840,351,2017-01-05 15:00:00,-0.035149384289979935,0.0,NULL
1663119712,3299840,3299840,0,3299840,352,2017-01-05 16:00:00,-0.035149384289979935,0.0,NULL
1663119713,3299840,3299840,0,3299840,353,2017-01-05 17:00:00,-0.035149384289979935,0.0,NULL
1663119714,3299840,3299840,0,3299840,354,2017-01-05 18:00:00,-0.035149384289979935,0.0,NULL
1663119715,3299840,3299840,0,3299840,355,2017-01-05 19:00:00,-0.035149384289979935,0.0,NULL
1663119716,3299840,3299840,0,3299840,356,2017-01-05 20:00:00,-0.035149384289979935,0.0,NULL
1663119717,3299840,3299840,0,3299840,357,2017-01-05 21:00:00,-0.035149384289979935,0.0,NULL
1663119718,3299840,3299840,0,3299840,358,2017-01-05 22:00:00,-0.035149384289979935,0.0,NULL
1663119719,3299840,3299840,0,3299840,359,2017-01-05 23:00:00,-0.035149384289979935,0.0,NULL
1663119720,3299840,3299840,0,3299840,360,2017-01-06 00:00:00,-0.035149384289979935,0.0,NULL
1663119721,3299840,3299840,0,3299840,361,2017-01-06 01:00:00,-0.035149384289979935,0.0,NULL
1663119722,3299840,3299840,0,3299840,362,2017-01-06 02:00:00,-0.035149384289979935,0.0,NULL
1663119723,3299840,3299840,0,3299840,363,2017-01-06 03:00:00,-0.035149384289979935,0.0,NULL
1663119724,3299840,3299840,0,3299840,364,2017-01-06 04:00:00,-0.035149384289979935,0.0,NULL
1663119725,3299840,3299840,0,3299840,365,2017-01-06 05:00:00,-0.035149384289979935,0.0,NULL
1663119726,3299840,3299840,0,3299840,366,2017-01-06 06:00:00,-0.035149384289979935,0.0,NULL
1663119727,3299840,3299840,0,3299840,367,2017-01-06 07:00:00,-0.035149384289979935,0.0,NULL
1663119728,3299840,3299840,0,3299840,368,2017-01-06 08:00:00,-0.035149384289979935,0.0,NULL
1663119729,3299840,3299840,0,3299840,369,2017-01-06 09:00:00,-0.035149384289979935,0.0,NULL
1663119730,3299840,3299840,0,3299840,370,2017-01-06 10:00:00,-0.035149384289979935,0.0,NULL
1663119731,3299840,3299840,0,3299840,371,2017-01-06 11:00:00,-0.035149384289979935,0.0,NULL
1663119732,3299840,3299840,0,3299840,372,2017-01-06 12:00:00,-0.035149384289979935,0.0,NULL
1663119733,3299840,3299840,0,3299840,373,2017-01-06 13:00:00,-0.035149384289979935,0.0,NULL
1663119734,3299840,3299840,0,3299840,374,2017-01-06 14:00:00,-0.035149384289979935,0.0,NULL
1663119735,3299840,3299840,0,3299840,375,2017-01-06 15:00:00,-0.035149384289979935,0.0,NULL
1663119736,3299840,3299840,0,3299840,376,2017-01-06 16:00:00,-0.035149384289979935,0.0,NULL
1663119737,3299840,3299840,0,3299840,377,2017-01-06 17:00:00,-0.035149384289979935,0.0,NULL
1663119738,3299840,3299840,0,3299840,378,2017-01-06 18:00:00,-0.035149384289979935,0.0,NULL
1663119739,3299840,3299840,0,3299840,379,2017-01-06 19:00:00,-0.035149384289979935,0.0,NULL
1663119740,3299840,3299840,0,3299840,380,2017-01-06 20:00:00,-0.035149384289979935,0.0,NULL
1663119741,3299840,3299840,0,3299840,381,2017-01-06 21:00:00,-0.035149384289979935,0.0,NULL
1663119742,3299840,3299840,0,3299840,382,2017-01-06 22:00:00,-0.035149384289979935,0.0,NULL
1663119743,3299840,3299840,0,3299840,383,2017-01-06 23:00:00,-0.035149384289979935,0.0,NULL
1663119744,3299840,3299840,0,3299840,384,2017-01-07 00:00:00,-0.035149384289979935,0.0,NULL
1663119745,3299840,3299840,0,3299840,385,2017-01-07 01:00:00,-0.035149384289979935,0.0,NULL
1663119746,3299840,3299840,0,3299840,386,2017-01-07 02:00:00,-0.035149384289979935,0.0,NULL
1663119747,3299840,3299840,0,3299840,387,2017-01-07 03:00:00,-0.035149384289979935,0.0,NULL
1663119748,3299840,3299840,0,3299840,388,2017-01-07 04:00:00,-0.035149384289979935,0.0,NULL
1663119749,3299840,3299840,0,3299840,389,2017-01-07 05:00:00,-0.035149384289979935,0.0,NULL
1663119750,3299840,3299840,0,3299840,390,2017-01-07 06:00:00,-0.035149384289979935,0.0,NULL
1663119751,3299840,3299840,0,3299840,391,2017-01-07 07:00:00,-0.035149384289979935,0.0,NULL
1663119752,3299840,3299840,0,3299840,392,2017-01-07 08:00:00,-0.035149384289979935,0.0,NULL
1663119753,3299840,3299840,0,3299840,393,2017-01-07 09:00:00,-0.035149384289979935,0.0,NULL
1663119754,3299840,3299840,0,3299840,394,2017-01-07 10:00:00,-0.035149384289979935,0.0,NULL
1663119755,3299840,3299840,0,3299840,395,2017-01-07 11:00:00,-0.035149384289979935,0.0,NULL
1663119756,3299840,3299840,0,3299840,396,2017-01-07 12:00:00,-0.035149384289979935,0.0,NULL
1663119757,3299840,3299840,0,3299840,397,2017-01-07 13:00:00,-0.035149384289979935,0.0,NULL
1663119758,3299840,3299840,0,3299840,398,2017-01-07 14:00:00,-0.035149384289979935,0.0,NULL
1663119759,3299840,3299840,0,3299840,399,2017-01-07 15:00:00,-0.035149384289979935,0.0,NULL
1663119760,3299840,3299840,0,3299840,400,2017-01-07 16:00:00,-0.035149384289979935,0.0,NULL
1663119761,3299840,3299840,0,3299840,401,2017-01-07 17:00:00,-0.035149384289979935,0.0,NULL
1663119762,3299840,3299840,0,3299840,402,2017-01-07 18:00:00,-0.035149384289979935,0.0,NULL
1663119763,3299840,3299840,0,3299840,403,2017-01-07 19:00:00,-0.035149384289979935,0.0,NULL
1663119764,3299840,3299840,0,3299840,404,2017-01-07 20:00:00,-0.035149384289979935,0.0,NULL
1663119765,3299840,3299840,0,3299840,405,2017-01-07 21:00:00,-0.035149384289979935,0.0,NULL
1663119766,3299840,3299840,0,3299840,406,2017-01-07 22:00:00,-0.035149384289979935,0.0,NULL
1663119767,3299840,3299840,0,3299840,407,2017-01-07 23:00:00,-0.035149384289979935,0.0,NULL
1663119768,3299840,3299840,0,3299840,408,2017-01-08 00:00:00,-0.035149384289979935,0.0,NULL
1663119769,3299840,3299840,0,3299840,409,2017-01-08 01:00:00,-0.035149384289979935,0.0,NULL
1663119770,3299840,3299840,0,3299840,410,2017-01-08 02:00:00,-0.035149384289979935,0.0,NULL
1663119771,3299840,3299840,0,3299840,411,2017-01-08 03:00:00,-0.035149384289979935,0.0,NULL
1663119772,3299840,3299840,0,3299840,412,2017-01-08 04:00:00,-0.035149384289979935,0.0,NULL
1663119773,3299840,3299840,0,3299840,413,2017-01-08 05:00:00,-0.035149384289979935,0.0,NULL
1663119774,3299840,3299840,0,3299840,414,2017-01-08 06:00:00,-0.035149384289979935,0.0,NULL
1663119775,3299840,3299840,0,3299840,415,2017-01-08 07:00:00,-0.035149384289979935,0.0,NULL
1663119776,3299840,3299840,0,3299840,416,2017-01-08 08:00:00,-0.035149384289979935,0.0,NULL
1663119777,3299840,3299840,0,3299840,417,2017-01-08 09:00:00,-0.035149384289979935,0.0,NULL
1663119778,3299840,3299840,0,3299840,418,2017-01-08 10:00:00,-0.035149384289979935,0.0,NULL
1663119779,3299840,3299840,0,3299840,419,2017-01-08 11:00:00,-0.035149384289979935,0.0,NULL
1663119780,3299840,3299840,0,3299840,420,2017-01-08 12:00:00,-0.035149384289979935,0.0,NULL
1663119781,3299840,3299840,0,3299840,421,2017-01-08 13:00:00,-0.035149384289979935,0.0,NULL
1663119782,3299840,3299840,0,3299840,422,2017-01-08 14:00:00,-0.035149384289979935,0.0,NULL
1663119783,3299840,3299840,0,3299840,423,2017-01-08 15:00:00,-0.035149384289979935,0.0,NULL
1663119784,3299840,3299840,0,3299840,424,2017-01-08 16:00:00,-0.035149384289979935,0.0,NULL
1663119785,3299840,3299840,0,3299840,425,2017-01-08 17:00:00,-0.035149384289979935,0.0,NULL
1663119786,3299840,3299840,0,3299840,426,2017-01-08 18:00:00,-0.035149384289979935,0.0,NULL
1663119787,3299840,3299840,0,3299840,427,2017-01-08 19:00:00,-0.035149384289979935,0.0,NULL
1663119788,3299840,3299840,0,3299840,428,2017-01-08 20:00:00,-0.035149384289979935,0.0,NULL
1663119789,3299840,3299840,0,3299840,429,2017-01-08 21:00:00,-0.035149384289979935,0.0,NULL
1663119790,3299840,3299840,0,3299840,430,2017-01-08 22:00:00,-0.035149384289979935,0.0,NULL
1663119791,3299840,3299840,0,3299840,431,2017-01-08 23:00:00,-0.035149384289979935,0.0,NULL
1663119792,3299840,3299840,0,3299840,432,2017-01-09 00:00:00,-0.035149384289979935,0.0,NULL
1663119793,3299840,3299840,0,3299840,433,2017-01-09 01:00:00,-0.035149384289979935,0.0,NULL
1663119794,3299840,3299840,0,3299840,434,2017-01-09 02:00:00,-0.035149384289979935,0.0,NULL
1663119795,3299840,3299840,0,3299840,435,2017-01-09 03:00:00,-0.035149384289979935,0.0,NULL
1663119796,3299840,3299840,0,3299840,436,2017-01-09 04:00:00,-0.035149384289979935,0.0,NULL
1663119797,3299840,3299840,0,3299840,437,2017-01-09 05:00:00,-0.035149384289979935,0.0,NULL
1663119798,3299840,3299840,0,3299840,438,2017-01-09 06:00:00,-0.035149384289979935,0.0,NULL
1663119799,3299840,3299840,0,3299840,439,2017-01-09 07:00:00,-0.035149384289979935,0.0,NULL
1663119800,3299840,3299840,0,3299840,440,2017-01-09 08:00:00,-0.035149384289979935,0.0,NULL
1663119801,3299840,3299840,0,3299840,441,2017-01-09 09:00:00,-0.035149384289979935,0.0,NULL
1663119802,3299840,3299840,0,3299840,442,2017-01-09 10:00:00,-0.035149384289979935,0.0,NULL
1663119803,3299840,3299840,0,3299840,443,2017-01-09 11:00:00,-0.035149384289979935,0.0,NULL
1663119804,3299840,3299840,0,3299840,444,2017-01-09 12:00:00,-0.035149384289979935,0.0,NULL
1663119805,3299840,3299840,0,3299840,445,2017-01-09 13:00:00,-0.035149384289979935,0.0,NULL
1663119806,3299840,3299840,0,3299840,446,2017-01-09 14:00:00,-0.035149384289979935,0.0,NULL
1663119807,3299840,3299840,0,3299840,447,2017-01-09 15:00:00,-0.035149384289979935,0.0,NULL
1663119808,3299840,3299840,0,3299840,448,2017-01-09 16:00:00,-0.035149384289979935,0.0,NULL
1663119809,3299840,3299840,0,3299840,449,2017-01-09 17:00:00,-0.035149384289979935,0.0,NULL
1663119810,3299840,3299840,0,3299840,450,2017-01-09 18:00:00,-0.035149384289979935,0.0,NULL
1663119811,3299840,3299840,0,3299840,451,2017-01-09 19:00:00,-0.035149384289979935,0.0,NULL
1663119812,3299840,3299840,0,3299840,452,2017-01-09 20:00:00,-0.035149384289979935,0.0,NULL
1663119813,3299840,3299840,0,3299840,453,2017-01-09 21:00:00,-0.035149384289979935,0.0,NULL
1663119814,3299840,3299840,0,3299840,454,2017-01-09 22:00:00,-0.035149384289979935,0.0,NULL
1663119815,3299840,3299840,0,3299840,455,2017-01-09 23:00:00,-0.035149384289979935,0.0,NULL
1663119816,3299840,3299840,0,3299840,456,2017-01-10 00:00:00,-0.035149384289979935,0.0,NULL
1663119817,3299840,3299840,0,3299840,457,2017-01-10 01:00:00,-0.035149384289979935,0.0,NULL
1663119818,3299840,3299840,0,3299840,458,2017-01-10 02:00:00,-0.035149384289979935,0.0,NULL
1663119819,3299840,3299840,0,3299840,459,2017-01-10 03:00:00,-0.035149384289979935,0.0,NULL
1663119820,3299840,3299840,0,3299840,460,2017-01-10 04:00:00,-0.035149384289979935,0.0,NULL
1663119821,3299840,3299840,0,3299840,461,2017-01-10 05:00:00,-0.035149384289979935,0.0,NULL
1663119822,3299840,3299840,0,3299840,462,2017-01-10 06:00:00,-0.035149384289979935,0.0,NULL
1663119823,3299840,3299840,0,3299840,463,2017-01-10 07:00:00,-0.035149384289979935,0.0,NULL
1663119824,3299840,3299840,0,3299840,464,2017-01-10 08:00:00,-0.035149384289979935,0.0,NULL
1663119825,3299840,3299840,0,3299840,465,2017-01-10 09:00:00,-0.035149384289979935,0.0,NULL
1663119826,3299840,3299840,0,3299840,466,2017-01-10 10:00:00,-0.035149384289979935,0.0,NULL
1663119827,3299840,3299840,0,3299840,467,2017-01-10 11:00:00,-0.035149384289979935,0.0,NULL
1663119828,3299840,3299840,0,3299840,468,2017-01-10 12:00:00,-0.035149384289979935,0.0,NULL
1663119829,3299840,3299840,0,3299840,469,2017-01-10 13:00:00,-0.035149384289979935,0.0,NULL
1663119830,3299840,3299840,0,3299840,470,2017-01-10 14:00:00,-0.035149384289979935,0.0,NULL
1663119831,3299840,3299840,0,3299840,471,2017-01-10 15:00:00,-0.035149384289979935,0.0,NULL
1663119832,3299840,3299840,0,3299840,472,2017-01-10 16:00:00,-0.035149384289979935,0.0,NULL
1663119833,3299840,3299840,0,3299840,473,2017-01-10 17:00:00,-0.035149384289979935,0.0,NULL
1663119834,3299840,3299840,0,3299840,474,2017-01-10 18:00:00,-0.035149384289979935,0.0,NULL
1663119835,3299840,3299840,0,3299840,475,2017-01-10 19:00:00,-0.035149384289979935,0.0,NULL
1663119836,3299840,3299840,0,3299840,476,2017-01-10 20:00:00,-0.035149384289979935,0.0,NULL
1663119837,3299840,3299840,0,3299840,477,2017-01-10 21:00:00,-0.035149384289979935,0.0,NULL
1663119838,3299840,3299840,0,3299840,478,2017-01-10 22:00:00,-0.035149384289979935,0.0,NULL
1663119839,3299840,3299840,0,3299840,479,2017-01-10 23:00:00,-0.035149384289979935,0.0,NULL
1663119840,3299840,3299840,0,3299840,480,2017-01-11 00:00:00,-0.035149384289979935,0.0,NULL
1663119841,3299840,3299840,0,3299840,481,2017-01-11 01:00:00,-0.035149384289979935,0.0,NULL
1663119842,3299840,3299840,0,3299840,482,2017-01-11 02:00:00,-0.035149384289979935,0.0,NULL
1663119843,3299840,3299840,0,3299840,483,2017-01-11 03:00:00,-0.035149384289979935,0.0,NULL
1663119844,3299840,3299840,0,3299840,484,2017-01-11 04:00:00,-0.035149384289979935,0.0,NULL
1663119845,3299840,3299840,0,3299840,485,2017-01-11 05:00:00,-0.035149384289979935,0.0,NULL
1663119846,3299840,3299840,0,3299840,486,2017-01-11 06:00:00,-0.035149384289979935,0.0,NULL
1663119847,3299840,3299840,0,3299840,487,2017-01-11 07:00:00,-0.035149384289979935,0.0,NULL
1663119848,3299840,3299840,0,3299840,488,2017-01-11 08:00:00,-0.035149384289979935,0.0,NULL
1663119849,3299840,3299840,0,3299840,489,2017-01-11 09:00:00,-0.035149384289979935,0.0,NULL
1663119850,3299840,3299840,0,3299840,490,2017-01-11 10:00:00,-0.035149384289979935,0.0,NULL
1663119851,3299840,3299840,0,3299840,491,2017-01-11 11:00:00,-0.035149384289979935,0.0,NULL
1663119852,3299840,3299840,0,3299840,492,2017-01-11 12:00:00,-0.035149384289979935,0.0,NULL
1663119853,3299840,3299840,0,3299840,493,2017-01-11 13:00:00,-0.035149384289979935,0.0,NULL
1663119854,3299840,3299840,0,3299840,494,2017-01-11 14:00:00,-0.035149384289979935,0.0,NULL
1663119855,3299840,3299840,0,3299840,495,2017-01-11 15:00:00,-0.035149384289979935,0.0,NULL
1663119856,3299840,3299840,0,3299840,496,2017-01-11 16:00:00,-0.035149384289979935,0.0,NULL
1663119857,3299840,3299840,0,3299840,497,2017-01-11 17:00:00,-0.035149384289979935,0.0,NULL
1663119858,3299840,3299840,0,3299840,498,2017-01-11 18:00:00,-0.035149384289979935,0.0,NULL
1663119859,3299840,3299840,0,3299840,499,2017-01-11 19:00:00,-0.035149384289979935,0.0,NULL
1663119860,3299840,3299840,0,3299840,500,2017-01-11 20:00:00,-0.035149384289979935,0.0,NULL
1663119861,3299840,3299840,0,3299840,501,2017-01-11 21:00:00,-0.035149384289979935,0.0,NULL
1663119862,3299840,3299840,0,3299840,502,2017-01-11 22:00:00,-0.035149384289979935,0.0,NULL
1663119863,3299840,3299840,0,3299840,503,2017-01-11 23:00:00,-0.035149384289979935,0.0,NULL
