0,2026-09-30 00:00:00,500.25,-01:00:00,10,2026-09-29 00:00:00,false
1,2026-09-30 00:00:00,500.25,-01:00:00,10,2026-09-29 12:00:00,false
2,2026-09-30 00:00:00,500.25,-01:00:00,9223372036854775807,2026-09-29 00:00:00,false
3,2026-09-30 00:00:00,500.25,-01:00:00,9223372036854775807,2026-09-29 12:00:00,false
4,2026-09-30 00:00:00,500.25,00:00:00,10,2026-09-29 00:00:00,false
5,2026-09-30 00:00:00,500.25,00:00:00,10,2026-09-29 12:00:00,false
6,2026-09-30 00:00:00,500.25,00:00:00,9223372036854775807,2026-09-29 00:00:00,false
NULL,2026-09-30 00:00:00,500.25,00:00:00,9223372036854775807,2026-09-29 12:00:00,true
8,2026-09-30 00:00:00,850.5,-01:00:00,10,2026-09-29 00:00:00,false
9,2026-09-30 00:00:00,850.5,-01:00:00,10,2026-09-29 12:00:00,false
10,2026-09-30 00:00:00,850.5,-01:00:00,9223372036854775807,2026-09-29 00:00:00,false
11,2026-09-30 00:00:00,850.5,-01:00:00,9223372036854775807,2026-09-29 12:00:00,false
12,2026-09-30 00:00:00,850.5,00:00:00,10,2026-09-29 00:00:00,false
13,2026-09-30 00:00:00,850.5,00:00:00,10,2026-09-29 12:00:00,false
14,2026-09-30 00:00:00,850.5,00:00:00,9223372036854775807,2026-09-29 00:00:00,false
15,2026-09-30 00:00:00,850.5,00:00:00,9223372036854775807,2026-09-29 12:00:00,false
16,2026-09-30 01:00:00,500.25,-01:00:00,10,2026-09-29 00:00:00,false
17,2026-09-30 01:00:00,500.25,-01:00:00,10,2026-09-29 12:00:00,false
18,2026-09-30 01:00:00,500.25,-01:00:00,9223372036854775807,2026-09-29 00:00:00,false
19,2026-09-30 01:00:00,500.25,-01:00:00,9223372036854775807,2026-09-29 12:00:00,false
20,2026-09-30 01:00:00,500.25,00:00:00,10,2026-09-29 00:00:00,false
21,2026-09-30 01:00:00,500.25,00:00:00,10,2026-09-29 12:00:00,false
22,2026-09-30 01:00:00,500.25,00:00:00,9223372036854775807,2026-09-29 00:00:00,false
23,2026-09-30 01:00:00,500.25,00:00:00,9223372036854775807,2026-09-29 12:00:00,false
24,2026-09-30 01:00:00,850.5,-01:00:00,10,2026-09-29 00:00:00,false
25,2026-09-30 01:00:00,850.5,-01:00:00,10,2026-09-29 12:00:00,false
26,2026-09-30 01:00:00,850.5,-01:00:00,9223372036854775807,2026-09-29 00:00:00,false
27,2026-09-30 01:00:00,850.5,-01:00:00,9223372036854775807,2026-09-29 12:00:00,false
28,2026-09-30 01:00:00,850.5,00:00:00,10,2026-09-29 00:00:00,false
29,2026-09-30 01:00:00,850.5,00:00:00,10,2026-09-29 12:00:00,false
30,2026-09-30 01:00:00,850.5,00:00:00,9223372036854775807,2026-09-29 00:00:00,false
31,2026-09-30 01:00:00,850.5,00:00:00,9223372036854775807,2026-09-29 12:00:00,false
