"interleaved/temperature","interleaved/humidity","valid_time","latitude","longitude","grid_id","layout_id","logical_index","point_index","parent_point_index","axis_indices"
"109000.0","112000.0","2026-09-30 01:00:00","0.9999999999999964","0.0","e282271c193db38f130abfc098d51fc55831347f772ef4ab8e8625d6efb6e8e6","45805a471983811922e10069f2394b04614ad5eabb7b5bc55650cc92cf87d786","256","4","4","[1, 1, 0, 0, 0, 0, 0]"
"109001.0","112001.0","2026-09-30 01:00:00","0.9999999999999964","0.0","e282271c193db38f130abfc098d51fc55831347f772ef4ab8e8625d6efb6e8e6","45805a471983811922e10069f2394b04614ad5eabb7b5bc55650cc92cf87d786","257","4","4","[1, 1, 0, 0, 0, 0, 1]"
"109002.0","112002.0","2026-09-30 01:00:00","0.9999999999999964","0.0","e282271c193db38f130abfc098d51fc55831347f772ef4ab8e8625d6efb6e8e6","45805a471983811922e10069f2394b04614ad5eabb7b5bc55650cc92cf87d786","258","4","4","[1, 1, 0, 0, 0, 1, 0]"
"109003.0","112003.0","2026-09-30 01:00:00","0.9999999999999964","0.0","e282271c193db38f130abfc098d51fc55831347f772ef4ab8e8625d6efb6e8e6","45805a471983811922e10069f2394b04614ad5eabb7b5bc55650cc92cf87d786","259","4","4","[1, 1, 0, 0, 0, 1, 1]"
"109010.0","112010.0","2026-09-30 01:00:00","0.9999999999999964","0.0","e282271c193db38f130abfc098d51fc55831347f772ef4ab8e8625d6efb6e8e6","45805a471983811922e10069f2394b04614ad5eabb7b5bc55650cc92cf87d786","260","4","4","[1, 1, 0, 0, 1, 0, 0]"
"109011.0","112011.0","2026-09-30 01:00:00","0.9999999999999964","0.0","e282271c193db38f130abfc098d51fc55831347f772ef4ab8e8625d6efb6e8e6","45805a471983811922e10069f2394b04614ad5eabb7b5bc55650cc92cf87d786","261","4","4","[1, 1, 0, 0, 1, 0, 1]"
"109012.0","112012.0","2026-09-30 01:00:00","0.9999999999999964","0.0","e282271c193db38f130abfc098d51fc55831347f772ef4ab8e8625d6efb6e8e6","45805a471983811922e10069f2394b04614ad5eabb7b5bc55650cc92cf87d786","262","4","4","[1, 1, 0, 0, 1, 1, 0]"
"109013.0","112013.0","2026-09-30 01:00:00","0.9999999999999964","0.0","e282271c193db38f130abfc098d51fc55831347f772ef4ab8e8625d6efb6e8e6","45805a471983811922e10069f2394b04614ad5eabb7b5bc55650cc92cf87d786","263","4","4","[1, 1, 0, 0, 1, 1, 1]"
"109300.0","112300.0","2026-09-30 01:00:00","0.9999999999999964","3.0","e282271c193db38f130abfc098d51fc55831347f772ef4ab8e8625d6efb6e8e6","45805a471983811922e10069f2394b04614ad5eabb7b5bc55650cc92cf87d786","280","7","7","[1, 1, 0, 3, 0, 0, 0]"
"109301.0","112301.0","2026-09-30 01:00:00","0.9999999999999964","3.0","e282271c193db38f130abfc098d51fc55831347f772ef4ab8e8625d6efb6e8e6","45805a471983811922e10069f2394b04614ad5eabb7b5bc55650cc92cf87d786","281","7","7","[1, 1, 0, 3, 0, 0, 1]"
"109302.0","112302.0","2026-09-30 01:00:00","0.9999999999999964","3.0","e282271c193db38f130abfc098d51fc55831347f772ef4ab8e8625d6efb6e8e6","45805a471983811922e10069f2394b04614ad5eabb7b5bc55650cc92cf87d786","282","7","7","[1, 1, 0, 3, 0, 1, 0]"
"109303.0","112303.0","2026-09-30 01:00:00","0.9999999999999964","3.0","e282271c193db38f130abfc098d51fc55831347f772ef4ab8e8625d6efb6e8e6","45805a471983811922e10069f2394b04614ad5eabb7b5bc55650cc92cf87d786","283","7","7","[1, 1, 0, 3, 0, 1, 1]"
"109310.0","112310.0","2026-09-30 01:00:00","0.9999999999999964","3.0","e282271c193db38f130abfc098d51fc55831347f772ef4ab8e8625d6efb6e8e6","45805a471983811922e10069f2394b04614ad5eabb7b5bc55650cc92cf87d786","284","7","7","[1, 1, 0, 3, 1, 0, 0]"
"109311.0","112311.0","2026-09-30 01:00:00","0.9999999999999964","3.0","e282271c193db38f130abfc098d51fc55831347f772ef4ab8e8625d6efb6e8e6","45805a471983811922e10069f2394b04614ad5eabb7b5bc55650cc92cf87d786","285","7","7","[1, 1, 0, 3, 1, 0, 1]"
"109312.0","112312.0","2026-09-30 01:00:00","0.9999999999999964","3.0","e282271c193db38f130abfc098d51fc55831347f772ef4ab8e8625d6efb6e8e6","45805a471983811922e10069f2394b04614ad5eabb7b5bc55650cc92cf87d786","286","7","7","[1, 1, 0, 3, 1, 1, 0]"
"109313.0","112313.0","2026-09-30 01:00:00","0.9999999999999964","3.0","e282271c193db38f130abfc098d51fc55831347f772ef4ab8e8625d6efb6e8e6","45805a471983811922e10069f2394b04614ad5eabb7b5bc55650cc92cf87d786","287","7","7","[1, 1, 0, 3, 1, 1, 1]"
"110000.0","113000.0","2026-09-30 01:00:00","0.9999999999999964","0.0","e282271c193db38f130abfc098d51fc55831347f772ef4ab8e8625d6efb6e8e6","45805a471983811922e10069f2394b04614ad5eabb7b5bc55650cc92cf87d786","288","4","4","[1, 1, 1, 0, 0, 0, 0]"
"110001.0","113001.0","2026-09-30 01:00:00","0.9999999999999964","0.0","e282271c193db38f130abfc098d51fc55831347f772ef4ab8e8625d6efb6e8e6","45805a471983811922e10069f2394b04614ad5eabb7b5bc55650cc92cf87d786","289","4","4","[1, 1, 1, 0, 0, 0, 1]"
"110002.0","113002.0","2026-09-30 01:00:00","0.9999999999999964","0.0","e282271c193db38f130abfc098d51fc55831347f772ef4ab8e8625d6efb6e8e6","45805a471983811922e10069f2394b04614ad5eabb7b5bc55650cc92cf87d786","290","4","4","[1, 1, 1, 0, 0, 1, 0]"
"110003.0","113003.0","2026-09-30 01:00:00","0.9999999999999964","0.0","e282271c193db38f130abfc098d51fc55831347f772ef4ab8e8625d6efb6e8e6","45805a471983811922e10069f2394b04614ad5eabb7b5bc55650cc92cf87d786","291","4","4","[1, 1, 1, 0, 0, 1, 1]"
"110010.0","113010.0","2026-09-30 01:00:00","0.9999999999999964","0.0","e282271c193db38f130abfc098d51fc55831347f772ef4ab8e8625d6efb6e8e6","45805a471983811922e10069f2394b04614ad5eabb7b5bc55650cc92cf87d786","292","4","4","[1, 1, 1, 0, 1, 0, 0]"
"110011.0","113011.0","2026-09-30 01:00:00","0.9999999999999964","0.0","e282271c193db38f130abfc098d51fc55831347f772ef4ab8e8625d6efb6e8e6","45805a471983811922e10069f2394b04614ad5eabb7b5bc55650cc92cf87d786","293","4","4","[1, 1, 1, 0, 1, 0, 1]"
"110012.0","113012.0","2026-09-30 01:00:00","0.9999999999999964","0.0","e282271c193db38f130abfc098d51fc55831347f772ef4ab8e8625d6efb6e8e6","45805a471983811922e10069f2394b04614ad5eabb7b5bc55650cc92cf87d786","294","4","4","[1, 1, 1, 0, 1, 1, 0]"
"110013.0","113013.0","2026-09-30 01:00:00","0.9999999999999964","0.0","e282271c193db38f130abfc098d51fc55831347f772ef4ab8e8625d6efb6e8e6","45805a471983811922e10069f2394b04614ad5eabb7b5bc55650cc92cf87d786","295","4","4","[1, 1, 1, 0, 1, 1, 1]"
"110300.0","113300.0","2026-09-30 01:00:00","0.9999999999999964","3.0","e282271c193db38f130abfc098d51fc55831347f772ef4ab8e8625d6efb6e8e6","45805a471983811922e10069f2394b04614ad5eabb7b5bc55650cc92cf87d786","312","7","7","[1, 1, 1, 3, 0, 0, 0]"
"110301.0","113301.0","2026-09-30 01:00:00","0.9999999999999964","3.0","e282271c193db38f130abfc098d51fc55831347f772ef4ab8e8625d6efb6e8e6","45805a471983811922e10069f2394b04614ad5eabb7b5bc55650cc92cf87d786","313","7","7","[1, 1, 1, 3, 0, 0, 1]"
"110302.0","113302.0","2026-09-30 01:00:00","0.9999999999999964","3.0","e282271c193db38f130abfc098d51fc55831347f772ef4ab8e8625d6efb6e8e6","45805a471983811922e10069f2394b04614ad5eabb7b5bc55650cc92cf87d786","314","7","7","[1, 1, 1, 3, 0, 1, 0]"
"110303.0","113303.0","2026-09-30 01:00:00","0.9999999999999964","3.0","e282271c193db38f130abfc098d51fc55831347f772ef4ab8e8625d6efb6e8e6","45805a471983811922e10069f2394b04614ad5eabb7b5bc55650cc92cf87d786","315","7","7","[1, 1, 1, 3, 0, 1, 1]"
"110310.0","113310.0","2026-09-30 01:00:00","0.9999999999999964","3.0","e282271c193db38f130abfc098d51fc55831347f772ef4ab8e8625d6efb6e8e6","45805a471983811922e10069f2394b04614ad5eabb7b5bc55650cc92cf87d786","316","7","7","[1, 1, 1, 3, 1, 0, 0]"
"110311.0","113311.0","2026-09-30 01:00:00","0.9999999999999964","3.0","e282271c193db38f130abfc098d51fc55831347f772ef4ab8e8625d6efb6e8e6","45805a471983811922e10069f2394b04614ad5eabb7b5bc55650cc92cf87d786","317","7","7","[1, 1, 1, 3, 1, 0, 1]"
"110312.0","113312.0","2026-09-30 01:00:00","0.9999999999999964","3.0","e282271c193db38f130abfc098d51fc55831347f772ef4ab8e8625d6efb6e8e6","45805a471983811922e10069f2394b04614ad5eabb7b5bc55650cc92cf87d786","318","7","7","[1, 1, 1, 3, 1, 1, 0]"
"110313.0","113313.0","2026-09-30 01:00:00","0.9999999999999964","3.0","e282271c193db38f130abfc098d51fc55831347f772ef4ab8e8625d6efb6e8e6","45805a471983811922e10069f2394b04614ad5eabb7b5bc55650cc92cf87d786","319","7","7","[1, 1, 1, 3, 1, 1, 1]"
"119000.0","122000.0","2026-09-30 01:00:00","1.9999999999999967","0.0","e282271c193db38f130abfc098d51fc55831347f772ef4ab8e8625d6efb6e8e6","45805a471983811922e10069f2394b04614ad5eabb7b5bc55650cc92cf87d786","320","8","8","[1, 2, 0, 0, 0, 0, 0]"
"119001.0","122001.0","2026-09-30 01:00:00","1.9999999999999967","0.0","e282271c193db38f130abfc098d51fc55831347f772ef4ab8e8625d6efb6e8e6","45805a471983811922e10069f2394b04614ad5eabb7b5bc55650cc92cf87d786","321","8","8","[1, 2, 0, 0, 0, 0, 1]"
"119002.0","122002.0","2026-09-30 01:00:00","1.9999999999999967","0.0","e282271c193db38f130abfc098d51fc55831347f772ef4ab8e8625d6efb6e8e6","45805a471983811922e10069f2394b04614ad5eabb7b5bc55650cc92cf87d786","322","8","8","[1, 2, 0, 0, 0, 1, 0]"
"119003.0","122003.0","2026-09-30 01:00:00","1.9999999999999967","0.0","e282271c193db38f130abfc098d51fc55831347f772ef4ab8e8625d6efb6e8e6","45805a471983811922e10069f2394b04614ad5eabb7b5bc55650cc92cf87d786","323","8","8","[1, 2, 0, 0, 0, 1, 1]"
"119010.0","122010.0","2026-09-30 01:00:00","1.9999999999999967","0.0","e282271c193db38f130abfc098d51fc55831347f772ef4ab8e8625d6efb6e8e6","45805a471983811922e10069f2394b04614ad5eabb7b5bc55650cc92cf87d786","324","8","8","[1, 2, 0, 0, 1, 0, 0]"
"119011.0","122011.0","2026-09-30 01:00:00","1.9999999999999967","0.0","e282271c193db38f130abfc098d51fc55831347f772ef4ab8e8625d6efb6e8e6","45805a471983811922e10069f2394b04614ad5eabb7b5bc55650cc92cf87d786","325","8","8","[1, 2, 0, 0, 1, 0, 1]"
"119012.0","122012.0","2026-09-30 01:00:00","1.9999999999999967","0.0","e282271c193db38f130abfc098d51fc55831347f772ef4ab8e8625d6efb6e8e6","45805a471983811922e10069f2394b04614ad5eabb7b5bc55650cc92cf87d786","326","8","8","[1, 2, 0, 0, 1, 1, 0]"
"119013.0","122013.0","2026-09-30 01:00:00","1.9999999999999967","0.0","e282271c193db38f130abfc098d51fc55831347f772ef4ab8e8625d6efb6e8e6","45805a471983811922e10069f2394b04614ad5eabb7b5bc55650cc92cf87d786","327","8","8","[1, 2, 0, 0, 1, 1, 1]"
"119300.0","122300.0","2026-09-30 01:00:00","1.9999999999999967","3.0","e282271c193db38f130abfc098d51fc55831347f772ef4ab8e8625d6efb6e8e6","45805a471983811922e10069f2394b04614ad5eabb7b5bc55650cc92cf87d786","344","11","11","[1, 2, 0, 3, 0, 0, 0]"
"119301.0","122301.0","2026-09-30 01:00:00","1.9999999999999967","3.0","e282271c193db38f130abfc098d51fc55831347f772ef4ab8e8625d6efb6e8e6","45805a471983811922e10069f2394b04614ad5eabb7b5bc55650cc92cf87d786","345","11","11","[1, 2, 0, 3, 0, 0, 1]"
"119302.0","122302.0","2026-09-30 01:00:00","1.9999999999999967","3.0","e282271c193db38f130abfc098d51fc55831347f772ef4ab8e8625d6efb6e8e6","45805a471983811922e10069f2394b04614ad5eabb7b5bc55650cc92cf87d786","346","11","11","[1, 2, 0, 3, 0, 1, 0]"
"119303.0","122303.0","2026-09-30 01:00:00","1.9999999999999967","3.0","e282271c193db38f130abfc098d51fc55831347f772ef4ab8e8625d6efb6e8e6","45805a471983811922e10069f2394b04614ad5eabb7b5bc55650cc92cf87d786","347","11","11","[1, 2, 0, 3, 0, 1, 1]"
"119310.0","122310.0","2026-09-30 01:00:00","1.9999999999999967","3.0","e282271c193db38f130abfc098d51fc55831347f772ef4ab8e8625d6efb6e8e6","45805a471983811922e10069f2394b04614ad5eabb7b5bc55650cc92cf87d786","348","11","11","[1, 2, 0, 3, 1, 0, 0]"
"119311.0","122311.0","2026-09-30 01:00:00","1.9999999999999967","3.0","e282271c193db38f130abfc098d51fc55831347f772ef4ab8e8625d6efb6e8e6","45805a471983811922e10069f2394b04614ad5eabb7b5bc55650cc92cf87d786","349","11","11","[1, 2, 0, 3, 1, 0, 1]"
"119312.0","122312.0","2026-09-30 01:00:00","1.9999999999999967","3.0","e282271c193db38f130abfc098d51fc55831347f772ef4ab8e8625d6efb6e8e6","45805a471983811922e10069f2394b04614ad5eabb7b5bc55650cc92cf87d786","350","11","11","[1, 2, 0, 3, 1, 1, 0]"
"119313.0","122313.0","2026-09-30 01:00:00","1.9999999999999967","3.0","e282271c193db38f130abfc098d51fc55831347f772ef4ab8e8625d6efb6e8e6","45805a471983811922e10069f2394b04614ad5eabb7b5bc55650cc92cf87d786","351","11","11","[1, 2, 0, 3, 1, 1, 1]"
"120000.0","123000.0","2026-09-30 01:00:00","1.9999999999999967","0.0","e282271c193db38f130abfc098d51fc55831347f772ef4ab8e8625d6efb6e8e6","45805a471983811922e10069f2394b04614ad5eabb7b5bc55650cc92cf87d786","352","8","8","[1, 2, 1, 0, 0, 0, 0]"
"120001.0","123001.0","2026-09-30 01:00:00","1.9999999999999967","0.0","e282271c193db38f130abfc098d51fc55831347f772ef4ab8e8625d6efb6e8e6","45805a471983811922e10069f2394b04614ad5eabb7b5bc55650cc92cf87d786","353","8","8","[1, 2, 1, 0, 0, 0, 1]"
"120002.0","123002.0","2026-09-30 01:00:00","1.9999999999999967","0.0","e282271c193db38f130abfc098d51fc55831347f772ef4ab8e8625d6efb6e8e6","45805a471983811922e10069f2394b04614ad5eabb7b5bc55650cc92cf87d786","354","8","8","[1, 2, 1, 0, 0, 1, 0]"
"120003.0","123003.0","2026-09-30 01:00:00","1.9999999999999967","0.0","e282271c193db38f130abfc098d51fc55831347f772ef4ab8e8625d6efb6e8e6","45805a471983811922e10069f2394b04614ad5eabb7b5bc55650cc92cf87d786","355","8","8","[1, 2, 1, 0, 0, 1, 1]"
"120010.0","123010.0","2026-09-30 01:00:00","1.9999999999999967","0.0","e282271c193db38f130abfc098d51fc55831347f772ef4ab8e8625d6efb6e8e6","45805a471983811922e10069f2394b04614ad5eabb7b5bc55650cc92cf87d786","356","8","8","[1, 2, 1, 0, 1, 0, 0]"
"120011.0","123011.0","2026-09-30 01:00:00","1.9999999999999967","0.0","e282271c193db38f130abfc098d51fc55831347f772ef4ab8e8625d6efb6e8e6","45805a471983811922e10069f2394b04614ad5eabb7b5bc55650cc92cf87d786","357","8","8","[1, 2, 1, 0, 1, 0, 1]"
"120012.0","123012.0","2026-09-30 01:00:00","1.9999999999999967","0.0","e282271c193db38f130abfc098d51fc55831347f772ef4ab8e8625d6efb6e8e6","45805a471983811922e10069f2394b04614ad5eabb7b5bc55650cc92cf87d786","358","8","8","[1, 2, 1, 0, 1, 1, 0]"
"120013.0","123013.0","2026-09-30 01:00:00","1.9999999999999967","0.0","e282271c193db38f130abfc098d51fc55831347f772ef4ab8e8625d6efb6e8e6","45805a471983811922e10069f2394b04614ad5eabb7b5bc55650cc92cf87d786","359","8","8","[1, 2, 1, 0, 1, 1, 1]"
"120300.0","123300.0","2026-09-30 01:00:00","1.9999999999999967","3.0","e282271c193db38f130abfc098d51fc55831347f772ef4ab8e8625d6efb6e8e6","45805a471983811922e10069f2394b04614ad5eabb7b5bc55650cc92cf87d786","376","11","11","[1, 2, 1, 3, 0, 0, 0]"
"120301.0","123301.0","2026-09-30 01:00:00","1.9999999999999967","3.0","e282271c193db38f130abfc098d51fc55831347f772ef4ab8e8625d6efb6e8e6","45805a471983811922e10069f2394b04614ad5eabb7b5bc55650cc92cf87d786","377","11","11","[1, 2, 1, 3, 0, 0, 1]"
"120302.0","123302.0","2026-09-30 01:00:00","1.9999999999999967","3.0","e282271c193db38f130abfc098d51fc55831347f772ef4ab8e8625d6efb6e8e6","45805a471983811922e10069f2394b04614ad5eabb7b5bc55650cc92cf87d786","378","11","11","[1, 2, 1, 3, 0, 1, 0]"
"120303.0","123303.0","2026-09-30 01:00:00","1.9999999999999967","3.0","e282271c193db38f130abfc098d51fc55831347f772ef4ab8e8625d6efb6e8e6","45805a471983811922e10069f2394b04614ad5eabb7b5bc55650cc92cf87d786","379","11","11","[1, 2, 1, 3, 0, 1, 1]"
"120310.0","123310.0","2026-09-30 01:00:00","1.9999999999999967","3.0","e282271c193db38f130abfc098d51fc55831347f772ef4ab8e8625d6efb6e8e6","45805a471983811922e10069f2394b04614ad5eabb7b5bc55650cc92cf87d786","380","11","11","[1, 2, 1, 3, 1, 0, 0]"
"120311.0","123311.0","2026-09-30 01:00:00","1.9999999999999967","3.0","e282271c193db38f130abfc098d51fc55831347f772ef4ab8e8625d6efb6e8e6","45805a471983811922e10069f2394b04614ad5eabb7b5bc55650cc92cf87d786","381","11","11","[1, 2, 1, 3, 1, 0, 1]"
"120312.0","123312.0","2026-09-30 01:00:00","1.9999999999999967","3.0","e282271c193db38f130abfc098d51fc55831347f772ef4ab8e8625d6efb6e8e6","45805a471983811922e10069f2394b04614ad5eabb7b5bc55650cc92cf87d786","382","11","11","[1, 2, 1, 3, 1, 1, 0]"
"120313.0","123313.0","2026-09-30 01:00:00","1.9999999999999967","3.0","e282271c193db38f130abfc098d51fc55831347f772ef4ab8e8625d6efb6e8e6","45805a471983811922e10069f2394b04614ad5eabb7b5bc55650cc92cf87d786","383","11","11","[1, 2, 1, 3, 1, 1, 1]"
